Rank,Player,Position,Team
1,Nikola Jokić,C,DEN
2,Luka Dončić,"PG,SG",LAL
3,Victor Wembanyama,C,SAS
4,Giannis Antetokounmpo,"PF,C",MIA
5,Shai Gilgeous-Alexander,PG,OKC
6,Cade Cunningham,"PG,SG",DET
7,Jayson Tatum,"SF,PF",BOS
8,Jalen Johnson,"PF,SF",ATL
9,Anthony Edwards,"PG,SF,SG",MIN
10,Tyrese Maxey,"PG,SG",PHI
11,Tyrese Haliburton,"PG,SG",IND
12,Cooper Flagg,"PF,SF,SG",DAL
13,Alperen Sengun,"C,PF",HOU
14,Donovan Mitchell,"PG,SG",CLE
15,Anthony Davis,"PF,C",WAS
16,Paolo Banchero,"PF,SF",ORL
17,Scottie Barnes,"C,PF,SF,SG",TOR
18,Josh Giddey,"PG,SG,SF",CHI
19,Jamal Murray,PG,DEN
20,LeBron James,"SF,PF",PHI
21,LaMelo Ball,PG,MIN
22,Trae Young,PG,WAS
23,Jalen Brunson,PG,NYK
24,Kevin Durant,"PF,SF,SG",HOU
25,Amen Thompson,"PG,SF,SG",HOU
26,Stephon Castle,"PG,SG",SAS
27,Karl-Anthony Towns,"PF,C",NYK
28,Bam Adebayo,"C,PF",MIA
29,Stephen Curry,PG,GSW
30,James Harden,"PG,SG",CLE
31,Devin Booker,"PG,SG",PHX
32,Deni Avdija,"PF,SF,SG",POR
33,Kawhi Leonard,"PF,SF,SG",TOR
34,Jaylen Brown,"PF,SF,SG",PHI
35,Jalen Duren,C,DET
36,Evan Mobley,"PF,C",CLE
37,Trey Murphy III,"PF,SF,SG",NOP
38,Austin Reaves,"PG,SF,SG",LAL
39,Keyonte George,"PG,SG",UTA
40,Domantas Sabonis,"C,PF",SAC
41,Pascal Siakam,"C,PF,SF",IND
42,Julius Randle,PF,BKN
43,Zion Williamson,"C,PF",NOP
44,Brandon Miller,"PF,SF,SG",CHA
45,Kyrie Irving,PG,DAL
46,Ja Morant,PG,POR
47,Joel Embiid,C,PHI
48,Damian Lillard,PG,POR
49,Jalen Williams,"PF,SF,SG",OKC
50,Dejounte Murray,"PG,SG",NOP
51,Chet Holmgren,"PF,C",OKC
52,Desmond Bane,"SG,SF",ORL
53,Lauri Markkanen,"SF,PF",UTA
54,Jaren Jackson Jr.,"PF,C",UTA
55,Tyler Herro,"PG,SG",MIL
56,Onyeka Okongwu,C,ATL
57,Franz Wagner,"PF,SF",ORL
58,Walker Kessler,C,LAL
59,De’Aaron Fox,"PG,SG",SAS
60,Michael Porter Jr.,"SF,PF",BKN
61,Matas Buzelis,"SF,PF",CHI
62,Nickeil Alexander-Walker,"PG,SG",ATL
63,Donovan Clingan,C,POR
64,Darius Garland,PG,LAC
65,Ryan Rollins,"PG,SG",MIL
66,Zach Edey,C,MEM
67,Dyson Daniels,"PG,SF,SG",ATL
68,Jarrett Allen,C,CLE
69,Brandon Ingram,"SG,SF,PF",LAC
70,Cameron Boozer,PF,MEM
71,Derrick White,"PG,SG",BOS
72,Naz Reid,"PF,C",CHA
73,Kel’el Ware,C,MIL
74,Ivica Zubac,C,IND
75,Caleb Wilson,"PF,SF",CHI
76,Alex Sarr,"C,PF",WAS
77,VJ Edgecombe,"PG,SG",PHI
78,Paul George,"PF,SF",BOS
79,Kon Knueppel,"SF,SG",CHA
80,Payton Pritchard,"PG,SG",BOS
81,Ausar Thompson,"PF,SF,SG",DET
82,Coby White,"PG,SG",CHA
83,Norman Powell,"SG,SF",CHI
84,RJ Barrett,"PF,SF,SG",TOR
85,Josh Hart,"SF,SG",NYK
86,Immanuel Quickley,"PG,SG",TOR
87,Day’Ron Sharpe,C,BKN
88,Jalen Suggs,"PG,SG",ORL
89,Rudy Gobert,C,MIN
90,Cedric Coward,"SF,SG",MEM
91,Darius Acuff Jr.,PG,SAC
92,Jaden McDaniels,"PF,SF",MIN
93,Dylan Harper,"PG,SG",SAS
94,Nic Claxton,C,CHI
95,Jalen Green,"SF,SG",PHX
96,OG Anunoby,"SF,PF",NYK
97,Andrew Wiggins,"PF,SF,SG",MIA
98,Jusuf Nurkić,C,UTA
99,AJ Dybantsa,SF,WAS
100,Ty Jerome,"PG,SG",MEM
101,Zach LaVine,"PG,SF,SG",SAC
102,Derik Queen,"C,PF",NOP
103,Miles Bridges,"SF,PF",PHX
104,Andrew Nembhard,"PG,SG",IND
105,Peyton Watson,"SF,PF",CLE
106,Jabari Smith Jr.,"C,PF",HOU
107,CJ McCollum,"PG,SG",ATL
108,Keegan Murray,"SF,PF",SAC
109,Darryn Peterson,"PG,SG",UTA
110,Myles Turner,C,MIL
111,Isaiah Hartenstein,C,OKC
112,Mikal Bridges,"PF,SF,SG",NYK
113,Jakob Poeltl,C,TOR
114,Davion Mitchell,PG,MIA
115,Rui Hachimura,"SF,PF",LAC
116,Neemias Queta,C,BOS
117,John Collins,"PF,C",DET
118,Collin Murray-Boyles,"C,PF",TOR
119,Khaman Maluach,C,PHX
120,Kyshawn George,"PF,SF,SG",WAS
121,DeMar DeRozan,"PF,SF",DEN
122,Quentin Grimes,"SG,SF",LAL
123,Jonathan Kuminga,"PF,SF",MIN
124,Brandin Podziemski,"PG,SG",GSW
125,Egor Dëmin,"PG,SG",BKN
126,Ayo Dosunmu,"PG,SF,SG",MIN
127,Collin Gillespie,"PG,SG",PHX
128,Tre Jones,"PG,SG",CHI
129,Bennedict Mathurin,"SG,SF",NOP
130,Jaime Jaquez Jr.,"PF,SF,SG",MIL
131,Jrue Holiday,"PG,SG",POR
132,Aaron Gordon,"PF,C",DEN
133,Yaxel Lendeborg,"PF,SF",GSW
134,P.J. Washington Jr.,"C,PF,SF",DAL
135,Wendell Carter Jr.,C,ORL
136,Pelle Larsson,"SG,SF",MIA
137,Ace Bailey,"PF,SF",UTA
138,Daniel Gafford,C,DAL
139,Saddiq Bey,"SF,PF",NOP
140,Kevin Porter Jr.,"PG,SG",MIL
141,Draymond Green,"PF,C",GSW
142,Kristaps Porziņģis,"PF,C",GSW
143,Ajay Mitchell,"PG,SG",OKC
144,Dillon Brooks,"PF,SF,SG",PHX
145,Jimmy Butler III,"PF,SF,SG",GSW
146,Fred VanVleet,"PG,SG",HOU
147,Anthony Black,"PG,SG,SF",ORL
148,Reed Sheppard,"PG,SG",HOU
149,Herbert Jones,"PF,SF,SG",NOP
150,Mikel Brown Jr.,G,FA
151,Jerami Grant,"SF,PF",MEM
152,Devin Vassell,"SG,SF",SAS
153,Toumani Camara,"PF,SF",POR
154,Yves Missi,C,NOP
155,Sandro Mamukelashvili,"PF,C",LAL
156,Jeremiah Fears,"PG,SG",NOP
157,Isaiah Collier,"PG,SG",UTA
158,Moussa Diabaté,"PF,C",CHA
159,Cason Wallace,"PG,SF,SG",OKC
160,Scotty Pippen Jr.,"PG,SG",MEM
161,Bobby Portis Jr.,"PF,C",MIA
162,Kyle Kuzma,"SF,PF",MIL
163,Maxime Raynaud,C,SAC
164,Bradley Beal,"SF,SG",LAC
165,Cameron Johnson,"PF,SF",DEN
166,Tobias Harris,"PF,SF",SAS
167,Paul Reed,"C,PF",DET
168,Tari Eason,"PF,SF,SG",HOU
169,Klay Thompson,"SG,SF",MIA
170,Dennis Schröder,"PG,SG",CHA
171,Duncan Robinson,"SG,SF",DET
172,Anfernee Simons,"PG,SG",PHI
173,Jake LaRavia,"SF,PF",LAL
174,Deandre Ayton,C,WAS
175,Grayson Allen,"PG,SF,SG",CHA
176,Kelly Oubre Jr.,"PF,SF,SG",IND
177,Jared McCain,"PG,SG",OKC
178,Jordan Poole,"PG,SG",NOP
179,Nikola Vučević,C,ORL
180,Santi Aldama,"PF,SF",DAL
181,Scoot Henderson,"PG,SG",POR
182,Naji Marshall,"PF,SF,SG",DAL
183,Joan Beringer,"C,PF",MIN
184,Christian Braun,"PF,SF,SG",DEN
185,De’Andre Hunter,"SF,PF",SAC
186,Nique Clifford,"SF,SG",SAC
187,Malik Monk,"PG,SG",SAC
188,GG Jackson II,"C,PF,SF",MEM
189,Jaylon Tyson,"PF,SF,SG",CLE
190,Bilal Coulibaly,"SG,SF",WAS
191,Brook Lopez,C,LAC
192,Aaron Nesmith,"PF,SF,SG",IND
193,Dereck Lively II,C,DAL
194,Kyle Filipowski,"C,PF",UTA
195,Precious Achiuwa,"PF,C",SAC
196,Mark Williams,C,PHX
197,Tre Johnson,"PG,SF,SG",WAS
198,Keldon Johnson,"PF,SF",SAS
199,Oso Ighodaro,"C,PF",PHX
200,Collin Sexton,"PG,SG",LAL
201,Keaton Wagler,"PG,SG",LAC
202,Shaedon Sharpe,"PG,SF,SG",POR
203,Bub Carrington,"PG,SG",WAS
204,Terrence Shannon Jr.,G,MIN
205,Kris Dunn,"PG,SG",LAC
206,Miles McBride,"PG,SG",NYK
207,Will Riley,"PF,SF",WAS
208,Jaylen Wells,"SF,SG",MEM
209,Marvin Bagley III,"PF,C",DEN
210,Brice Sensabaugh,"PF,SF,SG",UTA
211,T.J. McConnell,PG,IND
212,Jamal Shead,PG,TOR
213,Julian Champagnie,"PF,SF,SG",SAS
214,Isaiah Stewart,"C,PF",MEM
215,Labaron Philon Jr.,"PG,SG",PHI
216,Max Strus,"PF,SF",LAC
217,Robert Williams III,C,POR
218,Alex Caruso,"PG,SG,SF",OKC
219,Luguentz Dort,"SG,SF",ATL
220,Jay Huff,C,IND
221,Royce O’Neale,"SF,PF",CHA
222,Al Horford,"PF,C",GSW
223,Morez Johnson Jr.,C,DAL
224,Mitchell Robinson,C,BOS
225,Jalen Smith,"PF,C",CHI
226,Noah Clowney,"C,PF",BKN
227,Gradey Dick,"SG,SF",LAC
228,Ben Simmons,PG,SAC
229,Jaylin Williams,"PF,C",OKC
230,Cam Spencer,"PG,SG",MEM
231,Nikola Jović,"C,PF",MIA
232,Kevin Huerter,"SG,SF",DET
233,Andre Drummond,C,NYK
234,Marcus Smart,"PG,SG",HOU
235,Hannes Steinbach,PF,CHA
236,Ryan Kalkbrenner,C,CHA
237,Tristan da Silva,"SF,PF",ORL
238,Rob Dillingham,"PG,SG",FA
239,Jordan Clarkson,"PG,SF,SG",NYK
240,Bones Hyland,"PG,SG",MIN
241,Sam Hauser,"SF,PF",BOS
242,Allen Graves,"PF,SF",TOR
243,Brayden Burries,SG,MIL
244,Kingston Flemings,"PG,SG",ATL
245,De’Anthony Melton,"PG,SG",GSW
246,Khris Middleton,"PF,SF,SG",WAS
247,Kentavious Caldwell-Pope,"SG,SF",PHI
248,Zach Collins,C,CHI
249,Aday Mara,C,OKC
250,Christian Anderson Jr.,PG,CHA
