player,team,status,note,source_date,source_url
Luka Doncic,LAL,Healthy (hamstring and calf history),He should have the highest usage in the league with no LeBron. He averaged two steals a game over his final 23 games.,2026-10-06,https://www.youtube.com/watch?v=sFelMKWcqyI
Austin Reaves,LAL,Healthy (groin history),"Assists should rise to about six, and he has a first-round ceiling without LeBron.",2026-10-06,https://www.youtube.com/watch?v=sFelMKWcqyI
Matisse Thybulle,LAL,Knee history,He signed as a free agent and averaged two steals in about 16 minutes last season.,2026-10-06,https://www.youtube.com/watch?v=sFelMKWcqyI
Walker Kessler,LAL,Healthy (shoulder surgery last season),"He came from Utah. His jumps in threes, assists, steals and free throws probably will not hold, which makes him the biggest Lakers fade.",2026-10-06,https://www.youtube.com/watch?v=sFelMKWcqyI
Ziaire Williams,LAL,Hamstring history,He came from Brooklyn and reportedly bulked up to play power forward.,2026-10-06,https://www.youtube.com/watch?v=sFelMKWcqyI
Fred VanVleet,HOU,Returning from torn ACL; likely rests back-to-backs until about Thanksgiving,He missed all of last season and said at media day his knee may never feel the same.,2026-10-01,https://www.youtube.com/watch?v=aLP080hxizA
Kevin Durant,HOU,Healthy (playoff ankle injury healed),He played 78 games at 36 minutes last season and pushed back on media-day talk of cutting his minutes.,2026-10-01,https://www.youtube.com/watch?v=aLP080hxizA
Steven Adams,HOU,Knee issues; expected to miss back-to-backs early,He is a rebound streamer in the right matchup.,2026-10-01,https://www.youtube.com/watch?v=aLP080hxizA
Mouhamed Gueye,ATL,Broken foot; likely misses start of season,He should rejoin the rotation once healthy.,2026-09-25,https://www.youtube.com/watch?v=4gw4W4RTolY
Henri Veesaar,ATL,Torn ACL; out for season,He is a rookie.,2026-09-25,https://www.youtube.com/watch?v=4gw4W4RTolY
LaMelo Ball,MIN,Ankle history,"He was traded from Charlotte, where his minutes were limited to protect his ankles.",2026-07-13,https://www.youtube.com/watch?v=Rqb5GdrSweY
Coby White,CHA,Calf injury last season (reinjured several times); healthy now,"He came from Chicago, and Schroder is not expected to start over him. He averaged 17 points and 4 assists last season and could reach 6-7 assists as the starter.",2026-09-27,https://www.youtube.com/watch?v=CRLSsoGhb2w
Kon Knueppel,CHA,Hamstring; preseason is over and he is re-evaluated in week one,"He will likely miss a game or two to start the season, and Grayson Allen starts while he is out.",2026-09-27,https://www.youtube.com/watch?v=CRLSsoGhb2w
Brandon Miller,CHA,Shoulder surgery after last season; expected ready,"His usage and assists should rise, though his efficiency may dip.",2026-09-27,https://www.youtube.com/watch?v=CRLSsoGhb2w
Joel Embiid,PHI,Expected to miss time,Brown's value is better in games Embiid misses.,2026-07-13,https://www.youtube.com/watch?v=Rqb5GdrSweY
LeBron James,PHI,Age 41; played through sciatica last season,He is now in Philadelphia.,2026-08-27,https://www.youtube.com/watch?v=sTtFUy7IoJI
Paul George,BOS,Knee history,He came from Philadelphia and was very good after his 25-game suspension last season.,2026-07-13,https://www.youtube.com/watch?v=Rqb5GdrSweY
Ja Morant,POR,Durability concerns,"He came from Memphis and now shares the ball with Lillard, Holiday and Avdija.",2026-08-27,https://www.youtube.com/watch?v=sTtFUy7IoJI
Shaedon Sharpe,POR,Torn meniscus; out basically all season,His minutes go to the rest of the Portland rotation.,2026-08-27,https://www.youtube.com/watch?v=sTtFUy7IoJI
Michael Porter Jr.,BKN,Healthy (hamstring at the end of last season),A trade is very possible. He did not play in March last season.,2026-09-26,https://www.youtube.com/watch?v=3UGI05PDvrE
Kawhi Leonard,TOR,Knee concerns; expect missed games,"He was traded from the Clippers, pending the Aspiration investigation punishments as of July.",2026-07-13,https://www.youtube.com/watch?v=Rqb5GdrSweY
Jakob Poeltl,TOR,Back problems last season,He is expected to start over Murray-Boyles.,2026-08-27,https://www.youtube.com/watch?v=sTtFUy7IoJI
Brandon Ingram,LAC,Partially torn Achilles found in May surgery; return around Christmas,Expect minutes limits and back-to-back limits when he returns.,2026-10-04,https://www.youtube.com/watch?v=tnzmsYUA4yQ
Darius Garland,LAC,Healthy (toe and knee history),He averaged about 20 points and 7 assists with the Clippers last season. A healthy season could make him a top-20 player.,2026-10-04,https://www.youtube.com/watch?v=tnzmsYUA4yQ
Brook Lopez,LAC,"Age 38, final season",He started late last season but moves to a backup role behind Isaiah Jackson.,2026-10-04,https://www.youtube.com/watch?v=tnzmsYUA4yQ
Jordan Miller,LAC,Torn shoulder labrum; out for most of the regular season,,2026-10-04,https://www.youtube.com/watch?v=tnzmsYUA4yQ
Tyler Herro,MIL,Multiple injuries last season,He came from Miami and will start but will not be the primary point guard.,2026-07-13,https://www.youtube.com/watch?v=Rqb5GdrSweY
Giannis Antetokounmpo,MIA,Injury concerns,He came from Milwaukee and could climb back to about 5th overall.,2026-07-13,https://www.youtube.com/watch?v=Rqb5GdrSweY
Alex Sarr,WAS,Likely ready for opening night,"Anthony Davis will protect the rim, so Sarr's blocks should drop. AJ Dybantsa also joins the frontcourt mix.",2026-09-07,https://www.youtube.com/watch?v=gJUBAJaHzlU
Anthony Davis,WAS,Barely played last season,He arrived in Washington this offseason.,2026-08-27,https://www.youtube.com/watch?v=sTtFUy7IoJI
Santi Aldama,DAL,Knee surgery after last season; partial participant in camp,He came from Memphis and is blocked by a deep forward group.,2026-09-29,https://www.youtube.com/watch?v=XSPJL_mlFXo
Dereck Lively II,DAL,"Broken foot; out to start the season, likely back around Thanksgiving",He played only 7 games last season.,2026-09-29,https://www.youtube.com/watch?v=XSPJL_mlFXo
Jalen Green,PHX,Three hamstring strains last season,"His low minutes last season came from injuries and limits, not performance. He is expected to start with Booker, Brooks and Bridges, with Gillespie off the bench.",2026-07-20,https://www.youtube.com/watch?v=-KS_AZjZnw4
Cade Cunningham,DET,Healthy (lung issue at the end of last season),"He averaged 24 points, 10 assists and 5 rebounds last season. Daniss Jenkins is the backup creator if he misses time.",2026-10-03,https://www.youtube.com/watch?v=_O9pc_u5vH0
Zach LaVine,SAC,Injury ended his season last year,"Schroder, Westbrook and DeRozan are gone. He is in the final year of his contract and could be traded.",2026-07-20,https://www.youtube.com/watch?v=-KS_AZjZnw4
Domantas Sabonis,SAC,Injured twice last season,"His shooting fell sharply last season. He is a trade candidate, and he still blocks Maxime Raynaud.",2026-07-20,https://www.youtube.com/watch?v=-KS_AZjZnw4
Ivica Zubac,IND,Ankle injury and fractured rib last season; no concern now,He averaged 14 and 11 with a career-low 0.8 blocks last season and has reached 33 minutes only once.,2026-10-02,https://www.youtube.com/watch?v=EGdhmUgPAWY
Jalen Williams,OKC,"Wrist injury, then several hamstring injuries last season","OKC lost Aaron Wiggins, Isaiah Joe and Lu Dort, which should open usage for him.",2026-07-20,https://www.youtube.com/watch?v=-KS_AZjZnw4
Ace Bailey,UTA,Some back issues in Summer League,He is expected to come off the bench.,2026-09-04,https://www.youtube.com/watch?v=gerS7ibpaJo
Jayden Quaintance,SAS,Knee surgery; out most of the season,,2026-07-21,https://www.youtube.com/watch?v=RyzcCGChYgs
Kyrie Irving,DAL,"Missed all last season (torn ACL); now fully healthy, may sit back-to-backs early",He is a per-game top-15 player when he plays.,2026-09-29,https://www.youtube.com/watch?v=XSPJL_mlFXo
Yanic Konan Niederhauser,LAC,Broken foot; return around Thanksgiving to Christmas,He would have been the starting center and projects for about 24 or more minutes once he is back.,2026-10-04,https://www.youtube.com/watch?v=tnzmsYUA4yQ
Christian Braun,DEN,Ankle injury last season,"If DeMar DeRozan takes minutes from a starter, it is most likely Braun.",2026-09-30,https://www.youtube.com/watch?v=sf6Ga9k-r-Q
Aaron Gordon,DEN,Repeated hamstring and calf injuries; played 36 games last season,Denver is expected to be cautious with him.,2026-09-30,https://www.youtube.com/watch?v=sf6Ga9k-r-Q
Stephen Curry,GSW,"Runner's knee last season; fine now, expect maintenance days",His minutes could dip if the Warriors are bad.,2026-10-01,https://www.youtube.com/watch?v=MUbNYdjpUDM
Al Horford,GSW,Will not play back-to-backs,,2026-10-01,https://www.youtube.com/watch?v=MUbNYdjpUDM
Kristaps Porzingis,GSW,"Unclear illness; missed media day and preseason, opening night uncertain",He is the biggest Warriors fade.,2026-10-01,https://www.youtube.com/watch?v=MUbNYdjpUDM
De'Anthony Melton,GSW,ACL recovery last season; knee concerns,,2026-10-01,https://www.youtube.com/watch?v=MUbNYdjpUDM
Jimmy Butler,GSW,"Torn ACL; earliest return Christmas, likely January",He will be limited in minutes and back-to-backs when he returns.,2026-10-01,https://www.youtube.com/watch?v=MUbNYdjpUDM
Moses Moody,GSW,Torn patellar tendon; likely a March return,,2026-10-01,https://www.youtube.com/watch?v=MUbNYdjpUDM
Zach Edey,MEM,Multiple ankle and foot surgeries,It is doubtful he can play 30 minutes.,2026-09-07,https://www.youtube.com/watch?v=gJUBAJaHzlU
Tyrese Haliburton,IND,More than 12 months past a torn Achilles; says he has no restrictions,His minutes are expected to be held down early. His two-point finishing (about 59%) could slip after the Achilles injury.,2026-10-02,https://www.youtube.com/watch?v=EGdhmUgPAWY
Johnny Furphy,IND,Torn ACL; maybe back halfway through the season,,2026-10-02,https://www.youtube.com/watch?v=EGdhmUgPAWY
Larry Nance,IND,Hamstring strain in camp; no timeline,,2026-10-02,https://www.youtube.com/watch?v=EGdhmUgPAWY
Jalen Duren,DET,Re-signed after a contract holdout; conditioning is the question,He averaged 19 and 10 in 28 minutes last season. He looks overpriced at an early draft spot unless his minutes jump. Paul Reed gets about 20 minutes if Duren plays 28.,2026-10-03,https://www.youtube.com/watch?v=_O9pc_u5vH0
Isaiah Jackson,LAC,Two years past a torn Achilles,He is starting over Brook Lopez for now but is foul-prone and may not hold the job all season.,2026-10-04,https://www.youtube.com/watch?v=tnzmsYUA4yQ
Bradley Beal,LAC,Hip fracture last season; knee soreness now; not expected ready to start the season,,2026-10-04,https://www.youtube.com/watch?v=tnzmsYUA4yQ
Grant Williams,CHA,Hamstring; out for preseason and re-evaluated in week one,,2026-09-27,https://www.youtube.com/watch?v=CRLSsoGhb2w
