player,from,to,type,note,source_date,source_url
Kawhi Leonard,LAC,TOR,Trade,"As of July it was reported but not official, pending the Aspiration investigation punishments.",2026-07-13,https://www.youtube.com/watch?v=Rqb5GdrSweY
Brandon Ingram,TOR,LAC,Trade (assumed),He is assumed to be part of the Kawhi deal.,2026-08-27,https://www.youtube.com/watch?v=sTtFUy7IoJI
Giannis Antetokounmpo,MIL,MIA,Trade,,2026-07-13,https://www.youtube.com/watch?v=Rqb5GdrSweY
Jaylen Brown,BOS,PHI,Trade,,2026-07-13,https://www.youtube.com/watch?v=Rqb5GdrSweY
Paul George,PHI,BOS,Trade,,2026-07-13,https://www.youtube.com/watch?v=Rqb5GdrSweY
LeBron James,LAL,PHI,Free agency,He was unsigned in mid-July and later joined Philadelphia.,2026-08-27,https://www.youtube.com/watch?v=sTtFUy7IoJI
LaMelo Ball,CHA,MIN,Trade,,2026-07-13,https://www.youtube.com/watch?v=Rqb5GdrSweY
Julius Randle,MIN,BKN,Trade,,2026-07-13,https://www.youtube.com/watch?v=Rqb5GdrSweY
Naz Reid,MIN,CHA,Trade,,2026-07-13,https://www.youtube.com/watch?v=Rqb5GdrSweY
Miles Bridges,CHA,PHX,Trade,,2026-07-13,https://www.youtube.com/watch?v=Rqb5GdrSweY
Jonathan Kuminga,,MIN,Free agency,He is expected to start.,2026-08-27,https://www.youtube.com/watch?v=sTtFUy7IoJI
Walker Kessler,UTA,LAL,,,2026-07-13,https://www.youtube.com/watch?v=Rqb5GdrSweY
Matisse Thybulle,,LAL,Free agency,,2026-10-06,https://www.youtube.com/watch?v=sFelMKWcqyI
Sandro Mamukelashvili,TOR,LAL,,,2026-10-06,https://www.youtube.com/watch?v=sFelMKWcqyI
Ziaire Williams,BKN,LAL,Free agency,,2026-10-06,https://www.youtube.com/watch?v=sFelMKWcqyI
Collin Sexton,,LAL,,,2026-10-06,https://www.youtube.com/watch?v=sFelMKWcqyI
Kevon Looney,,LAL,,,2026-10-06,https://www.youtube.com/watch?v=sFelMKWcqyI
Marcus Smart,LAL,HOU,,,2026-10-01,https://www.youtube.com/watch?v=aLP080hxizA
Bogdan Bogdanovic,,HOU,,,2026-10-01,https://www.youtube.com/watch?v=aLP080hxizA
Tyler Herro,MIA,MIL,,,2026-07-13,https://www.youtube.com/watch?v=Rqb5GdrSweY
Gary Trent Jr.,,MIL,Free agency,"4 years, $64 million.",2026-07-13,https://www.youtube.com/watch?v=Rqb5GdrSweY
Kevin Porter Jr.,MIL,MIL,Player option,He opted in at $5 million.,2026-07-13,https://www.youtube.com/watch?v=Rqb5GdrSweY
Nikola Vucevic,,ORL,,He arrives as a backup center.,2026-07-13,https://www.youtube.com/watch?v=Rqb5GdrSweY
Ja Morant,MEM,POR,Trade,,2026-07-13,https://www.youtube.com/watch?v=Rqb5GdrSweY
Jrue Holiday,,POR,,,2026-08-27,https://www.youtube.com/watch?v=sTtFUy7IoJI
Norman Powell,MIA,CHI,,,2026-07-13,https://www.youtube.com/watch?v=Rqb5GdrSweY
Coby White,CHI,CHA,,He will start at point guard.,2026-07-07,https://www.youtube.com/watch?v=ME-r173X5b0
Grayson Allen,,CHA,,,2026-07-13,https://www.youtube.com/watch?v=Rqb5GdrSweY
Dennis Schroder,,CHA,,,2026-08-27,https://www.youtube.com/watch?v=sTtFUy7IoJI
John Collins,,DET,,,2026-07-13,https://www.youtube.com/watch?v=Rqb5GdrSweY
Mitchell Robinson,NYK,BOS,,,2026-07-07,https://www.youtube.com/watch?v=ME-r173X5b0
Bennedict Mathurin,LAC,NOP,Free agency,"2 years, $16 million, player option in year two.",2026-08-27,https://www.youtube.com/watch?v=sTtFUy7IoJI
Anthony Davis,,WAS,,,2026-08-27,https://www.youtube.com/watch?v=sTtFUy7IoJI
Trae Young,ATL,WAS,,,2026-08-27,https://www.youtube.com/watch?v=sTtFUy7IoJI
Jaren Jackson Jr.,MEM,UTA,Trade,,2026-08-27,https://www.youtube.com/watch?v=sTtFUy7IoJI
Jusuf Nurkic,UTA,UTA,Re-signed,,2026-08-27,https://www.youtube.com/watch?v=sTtFUy7IoJI
Jaxson Hayes,LAL,UTA,Free agency,,2026-08-27,https://www.youtube.com/watch?v=sTtFUy7IoJI
CJ McCollum,WAS,ATL,Trade,This happened during last season.,2026-09-25,https://www.youtube.com/watch?v=4gw4W4RTolY
Dorian Finney-Smith,,ATL,Trade,,2026-09-25,https://www.youtube.com/watch?v=4gw4W4RTolY
Kevin Durant,PHX,HOU,Trade,This happened before last season.,2026-10-01,https://www.youtube.com/watch?v=aLP080hxizA
Max Strus,CLE,LAC,Trade,Cleveland got Peyton Watson in the deal.,2026-09-03,https://www.youtube.com/watch?v=OBwWCxG9SqM
Ivica Zubac,LAC,IND,Trade,This happened late last season.,2026-07-20,https://www.youtube.com/watch?v=-KS_AZjZnw4
Aaron Wiggins,OKC,ATL,,,2026-07-20,https://www.youtube.com/watch?v=-KS_AZjZnw4
Nate Ament (draft rights),MIA,MIL,Trade,"No. 13 pick, part of the Giannis deal.",2026-07-23,https://www.youtube.com/watch?v=LUTYUdXBG1M
Labaron Philon Jr.,,PHI,Trade,He came back in the Jared McCain trade.,2026-07-23,https://www.youtube.com/watch?v=LUTYUdXBG1M
Braden Smith,CHI,IND,Trade,Part of the Cam Jones deal.,2026-07-23,https://www.youtube.com/watch?v=LUTYUdXBG1M
DeMar DeRozan,SAC,DEN,,,2026-09-30,https://www.youtube.com/watch?v=sf6Ga9k-r-Q
Peyton Watson,DEN,CLE,Trade,Part of the Max Strus deal.,2026-09-30,https://www.youtube.com/watch?v=sf6Ga9k-r-Q
Klay Thompson,,MIA,Free agency,,2026-09-07,https://www.youtube.com/watch?v=gJUBAJaHzlU
Santi Aldama,MEM,DAL,Trade,,2026-09-29,https://www.youtube.com/watch?v=XSPJL_mlFXo
