player,team,role,minutes,usage,status,note,source_date,source_url
Luka Doncic,LAL,Starter,,"Up (38-40%+, likely league high)",Healthy (hamstring and calf history),He should have the highest usage in the league with no LeBron. He averaged two steals a game over his final 23 games.,2026-10-06,https://www.youtube.com/watch?v=sFelMKWcqyI
Austin Reaves,LAL,Starter,,"Up (27.7% projected, 30% best case)",Healthy (groin history),"Assists should rise to about six, and he has a first-round ceiling without LeBron.",2026-10-06,https://www.youtube.com/watch?v=sFelMKWcqyI
Quentin Grimes,LAL,Starter,~30-34,,Healthy,"He is the top beneficiary if Luka or Reaves sits, with a possible top-70 run in those games.",2026-10-06,https://www.youtube.com/watch?v=sFelMKWcqyI
Matisse Thybulle,LAL,Starter (spot may rotate),<=22,Very low,Knee history,He signed as a free agent and averaged two steals in about 16 minutes last season.,2026-10-06,https://www.youtube.com/watch?v=sFelMKWcqyI
Walker Kessler,LAL,Starter (C),~31-33,Low (16% last season),Healthy (shoulder surgery last season),"He came from Utah. His jumps in threes, assists, steals and free throws probably will not hold, which makes him the biggest Lakers fade.",2026-10-06,https://www.youtube.com/watch?v=sFelMKWcqyI
Sandro Mamukelashvili,LAL,6th man / backup C,22 last season; 26+ is the upside,,Healthy,He came from Toronto and would play 30+ minutes if Kessler is out.,2026-10-06,https://www.youtube.com/watch?v=sFelMKWcqyI
Collin Sexton,LAL,Bench (7th man),,,Healthy,He only matters if two guards are out at once.,2026-10-06,https://www.youtube.com/watch?v=sFelMKWcqyI
Ziaire Williams,LAL,Bench (could start),,,Hamstring history,He came from Brooklyn and reportedly bulked up to play power forward.,2026-10-06,https://www.youtube.com/watch?v=sFelMKWcqyI
Jake LaRavia,LAL,Bench (could start),,,Healthy,He started 43 games at 30 minutes last season and is a candidate for the fifth starter spot.,2026-10-06,https://www.youtube.com/watch?v=sFelMKWcqyI
Jarred Vanderbilt,LAL,Fringe rotation,,,Healthy,He is a rebounds and steals streamer only if he starts.,2026-10-06,https://www.youtube.com/watch?v=sFelMKWcqyI
Kevon Looney,LAL,Third center,,,Healthy,"He looks washed, and the Lakers are in trouble if he plays meaningful minutes.",2026-10-06,https://www.youtube.com/watch?v=sFelMKWcqyI
Fred VanVleet,HOU,Starter (PG),"~32 (30 early, 34 later)",Down (more ball handlers),Returning from torn ACL; likely rests back-to-backs until about Thanksgiving,He missed all of last season and said at media day his knee may never feel the same.,2026-10-01,https://www.youtube.com/watch?v=aLP080hxizA
Amen Thompson,HOU,Starter,Steady,,Healthy,"He will play less point guard with VanVleet back, so his assists may fall by about one per game.",2026-10-01,https://www.youtube.com/watch?v=aLP080hxizA
Kevin Durant,HOU,Starter,~35-36,,Healthy (playoff ankle injury healed),He played 78 games at 36 minutes last season and pushed back on media-day talk of cutting his minutes.,2026-10-01,https://www.youtube.com/watch?v=aLP080hxizA
Jabari Smith Jr.,HOU,Starter,Stable,,Healthy,His minutes are stable and higher than Sengun's.,2026-10-01,https://www.youtube.com/watch?v=aLP080hxizA
Alperen Sengun,HOU,Starter (C),~32 (down from 33),Slightly down,Healthy,"His assists should fall from 6.2 to about 5-5.5 with VanVleet back, and Udoka may sit him for defense.",2026-10-01,https://www.youtube.com/watch?v=aLP080hxizA
Marcus Smart,HOU,6th man,,Low,Healthy,He came from the Lakers and would likely start if VanVleet sits.,2026-10-01,https://www.youtube.com/watch?v=aLP080hxizA
Tari Eason,HOU,Bench (7th man),~25,,Healthy,"If Durant or Jabari Smith sits, he could play about 32 minutes.",2026-10-01,https://www.youtube.com/watch?v=aLP080hxizA
Steven Adams,HOU,Backup C,,,Knee issues; expected to miss back-to-backs early,He is a rebound streamer in the right matchup.,2026-10-01,https://www.youtube.com/watch?v=aLP080hxizA
Reed Sheppard,HOU,Backup PG,~24-26,,Healthy,He averaged 30 minutes in 21 starts last season but has a crowded path now. Ime Udoka does not appear to like him.,2026-09-07,https://www.youtube.com/watch?v=gJUBAJaHzlU
Bogdan Bogdanovic,HOU,Bench (10th man),,,Healthy,He was added this offseason.,2026-10-01,https://www.youtube.com/watch?v=aLP080hxizA
Clint Capela,HOU,Third center,,,Healthy,He backs up at center on nights Adams rests.,2026-10-01,https://www.youtube.com/watch?v=aLP080hxizA
Jalen Johnson,ATL,Starter (PF),30+,Down (~26-27% to ~25%),Healthy,"His assists and efficiency dropped when CJ McCollum played last season, so he could fall from 8 assists to about 7.",2026-09-25,https://www.youtube.com/watch?v=4gw4W4RTolY
Onyeka Okongwu,ATL,Starter (C),30+,,Healthy,"Quin Snyder's scheme pulls him away from the rim, which hurt his field-goal percentage and blocks.",2026-09-25,https://www.youtube.com/watch?v=4gw4W4RTolY
Nickeil Alexander-Walker,ATL,Starter,30+,,Healthy,"He is the best Hawks target, though his late-season shooting will not continue.",2026-09-25,https://www.youtube.com/watch?v=4gw4W4RTolY
Dyson Daniels,ATL,Starter,30+,Low,Healthy,His steals should bounce back toward 2.3-2.6 per game.,2026-09-25,https://www.youtube.com/watch?v=4gw4W4RTolY
CJ McCollum,ATL,Starter,30+,High (most on-ball time on the team),Healthy,He came from Washington and is now a locked-in starter.,2026-09-25,https://www.youtube.com/watch?v=4gw4W4RTolY
Luguentz Dort,ATL,6th man,,,Healthy,He would start if Daniels or Alexander-Walker sits.,2026-09-25,https://www.youtube.com/watch?v=4gw4W4RTolY
Aaron Wiggins,ATL,Bench (7th man),,,Healthy,He finished outside the top 250 last season.,2026-09-25,https://www.youtube.com/watch?v=4gw4W4RTolY
Jock Landale,ATL,Backup C,,,Healthy,He would start and play 30+ minutes if Okongwu is out.,2026-09-25,https://www.youtube.com/watch?v=4gw4W4RTolY
Kingston Flemings,ATL,Backup PG (rookie),,,Healthy,"He would likely start if McCollum is out, though Dort could start instead. He had a strong Summer League with 7 assists a game and a 4.1-to-1 assist-to-turnover ratio.",2026-07-23,https://www.youtube.com/watch?v=LUTYUdXBG1M
Asa Newell,ATL,Bench (10th man),,,Healthy,He is the backup power forward while Gueye is out.,2026-09-25,https://www.youtube.com/watch?v=4gw4W4RTolY
Mouhamed Gueye,ATL,Injured,,,Broken foot; likely misses start of season,He should rejoin the rotation once healthy.,2026-09-25,https://www.youtube.com/watch?v=4gw4W4RTolY
Henri Veesaar,ATL,Injured,,,Torn ACL; out for season,He is a rookie.,2026-09-25,https://www.youtube.com/watch?v=4gw4W4RTolY
Dorian Finney-Smith,ATL,Fringe rotation,,,Healthy,He was just acquired by trade.,2026-09-25,https://www.youtube.com/watch?v=4gw4W4RTolY
Anthony Edwards,MIN,Starter,,Slightly down,Healthy,His scoring should dip from 28.8 to about 27 points with LaMelo Ball there.,2026-07-07,https://www.youtube.com/watch?v=ME-r173X5b0
LaMelo Ball,MIN,Starter,Up (from 28),Down,Ankle history,"He was traded from Charlotte, where his minutes were limited to protect his ankles.",2026-07-13,https://www.youtube.com/watch?v=Rqb5GdrSweY
Jonathan Kuminga,MIN,Starter,~28-29,Down (still above 20%),Healthy,He signed with Minnesota and is expected to start.,2026-08-27,https://www.youtube.com/watch?v=sTtFUy7IoJI
Jaden McDaniels,MIN,Starter,,,Healthy,The Kuminga signing hurts his value.,2026-08-27,https://www.youtube.com/watch?v=sTtFUy7IoJI
Rudy Gobert,MIN,Starter (C),~32,,Healthy,He will carry more defensive load next to Kuminga and Ball.,2026-08-27,https://www.youtube.com/watch?v=sTtFUy7IoJI
Ayo Dosunmu,MIN,Bench creator,~29,,Healthy,He is expected to come off the bench and gains value if LaMelo sits.,2026-08-27,https://www.youtube.com/watch?v=sTtFUy7IoJI
Joan Beringer,MIN,Backup C,~18,,Healthy,"He gains minutes in Gobert foul trouble, blowouts or absences. He becomes a must-roster player if Gobert misses games.",2026-09-04,https://www.youtube.com/watch?v=gerS7ibpaJo
Coby White,CHA,Starter (PG),About 30,Slightly down (from 29%),Calf injury last season (reinjured several times); healthy now,"He came from Chicago, and Schroder is not expected to start over him. He averaged 17 points and 4 assists last season and could reach 6-7 assists as the starter.",2026-09-27,https://www.youtube.com/watch?v=CRLSsoGhb2w
Kon Knueppel,CHA,Starter,,Up (22% to ~25%),Hamstring; preseason is over and he is re-evaluated in week one,"He will likely miss a game or two to start the season, and Grayson Allen starts while he is out.",2026-09-27,https://www.youtube.com/watch?v=CRLSsoGhb2w
Naz Reid,CHA,Starter (PF),~33,Up,Healthy,He came from Minnesota in the LaMelo Ball deal and should play the most minutes of his career.,2026-09-27,https://www.youtube.com/watch?v=CRLSsoGhb2w
Brandon Miller,CHA,Starter,,Up,Shoulder surgery after last season; expected ready,"His usage and assists should rise, though his efficiency may dip.",2026-09-27,https://www.youtube.com/watch?v=CRLSsoGhb2w
Grayson Allen,CHA,Bench (6th man),,,Healthy,"He starts while Knueppel is out, then returns to the bench.",2026-09-27,https://www.youtube.com/watch?v=CRLSsoGhb2w
Jaylen Brown,PHI,Starter,High (34 last season),Way down (36% to ~28%),Healthy,"He now shares the ball with Maxey, Embiid and LeBron, so last year's 29 points will not stick.",2026-08-27,https://www.youtube.com/watch?v=sTtFUy7IoJI
Tyrese Maxey,PHI,Starter,,Down,Healthy,He and Brown cannot both stay top-five scorers on the same team.,2026-08-27,https://www.youtube.com/watch?v=sTtFUy7IoJI
Joel Embiid,PHI,Starter (C),,,Expected to miss time,Brown's value is better in games Embiid misses.,2026-07-13,https://www.youtube.com/watch?v=Rqb5GdrSweY
LeBron James,PHI,Starter,,,Age 41; played through sciatica last season,He is now in Philadelphia.,2026-08-27,https://www.youtube.com/watch?v=sTtFUy7IoJI
VJ Edgecombe,PHI,Rotation,,Down (may fall below 20%),Healthy,His role shrinks after Brown's arrival.,2026-07-13,https://www.youtube.com/watch?v=Rqb5GdrSweY
Paul George,BOS,Starter,,Up (No. 2 behind Tatum),Knee history,He came from Philadelphia and was very good after his 25-game suspension last season.,2026-07-13,https://www.youtube.com/watch?v=Rqb5GdrSweY
Jayson Tatum,BOS,Starter,,Up,Healthy,He could return to a top-five scoring role.,2026-07-07,https://www.youtube.com/watch?v=ME-r173X5b0
Mitchell Robinson,BOS,Bench C,,,Healthy,He is new to Boston and is not expected to start.,2026-07-07,https://www.youtube.com/watch?v=ME-r173X5b0
Ja Morant,POR,Starter,Slightly up,Down (33% to ~28%),Durability concerns,"He came from Memphis and now shares the ball with Lillard, Holiday and Avdija.",2026-08-27,https://www.youtube.com/watch?v=sTtFUy7IoJI
Jrue Holiday,POR,Starter (SF),,Down (low-usage role),Healthy,"He moves to the three, and Sharpe's injury frees some minutes for him.",2026-08-27,https://www.youtube.com/watch?v=sTtFUy7IoJI
Shaedon Sharpe,POR,Injured,,,Torn meniscus; out basically all season,His minutes go to the rest of the Portland rotation.,2026-08-27,https://www.youtube.com/watch?v=sTtFUy7IoJI
Julius Randle,BKN,Starter,About 32 (down from 34-35),Up,Healthy,He came from Minnesota and could sit about a third of March games so Brooklyn can play younger forwards.,2026-09-26,https://www.youtube.com/watch?v=3UGI05PDvrE
Michael Porter Jr.,BKN,Starter,,"Down (26-27%, lower if traded)",Healthy (hamstring at the end of last season),A trade is very possible. He did not play in March last season.,2026-09-26,https://www.youtube.com/watch?v=3UGI05PDvrE
Kawhi Leonard,TOR,Starter,,,Knee concerns; expect missed games,"He was traded from the Clippers, pending the Aspiration investigation punishments as of July.",2026-07-13,https://www.youtube.com/watch?v=Rqb5GdrSweY
Collin Murray-Boyles,TOR,Bench / backup C,25-27 (up from ~22),Up (15% to ~18%),Healthy,Mamukelashvili's departure opens backup center minutes for him. He should close games even if Poeltl starts. He played through a thumb injury last season.,2026-09-04,https://www.youtube.com/watch?v=gerS7ibpaJo
Jakob Poeltl,TOR,Starter (C),,,Back problems last season,He is expected to start over Murray-Boyles.,2026-08-27,https://www.youtube.com/watch?v=sTtFUy7IoJI
Brandon Ingram,LAC,Injured,,Up (26.7% toward 30%),Partially torn Achilles found in May surgery; return around Christmas,Expect minutes limits and back-to-back limits when he returns.,2026-10-04,https://www.youtube.com/watch?v=tnzmsYUA4yQ
Darius Garland,LAC,Starter (PG),About 30,Up (29%+),Healthy (toe and knee history),He averaged about 20 points and 7 assists with the Clippers last season. A healthy season could make him a top-20 player.,2026-10-04,https://www.youtube.com/watch?v=tnzmsYUA4yQ
Brook Lopez,LAC,Bench (backup C),,,"Age 38, final season",He started late last season but moves to a backup role behind Isaiah Jackson.,2026-10-04,https://www.youtube.com/watch?v=tnzmsYUA4yQ
Jordan Miller,LAC,Injured,,,Torn shoulder labrum; out for most of the regular season,,2026-10-04,https://www.youtube.com/watch?v=tnzmsYUA4yQ
Tyler Herro,MIL,Starter,High,,Multiple injuries last season,He came from Miami and will start but will not be the primary point guard.,2026-07-13,https://www.youtube.com/watch?v=Rqb5GdrSweY
Kevin Porter Jr.,MIL,Bench (likely),Way down (from 33),,Healthy,He opted into his $5 million player option and probably will not start.,2026-08-27,https://www.youtube.com/watch?v=sTtFUy7IoJI
Gary Trent Jr.,MIL,Rotation,,,Healthy,"He signed a four-year, $64 million deal.",2026-07-13,https://www.youtube.com/watch?v=Rqb5GdrSweY
Giannis Antetokounmpo,MIA,Starter,32+ (up from 29),High (38% last season),Injury concerns,He came from Milwaukee and could climb back to about 5th overall.,2026-07-13,https://www.youtube.com/watch?v=Rqb5GdrSweY
Alex Sarr,WAS,Starter (C),Up,Down,Likely ready for opening night,"Anthony Davis will protect the rim, so Sarr's blocks should drop. AJ Dybantsa also joins the frontcourt mix.",2026-09-07,https://www.youtube.com/watch?v=gJUBAJaHzlU
Trae Young,WAS,Starter (PG),Up (25 to 33-35),,Healthy,He played only about 25 minutes a game last season. He signed a big new deal with Washington and will start at point guard over Bub Carrington. He projects for about 24 points and 9 assists.,2026-07-20,https://www.youtube.com/watch?v=-KS_AZjZnw4
Anthony Davis,WAS,Starter,,,Barely played last season,He arrived in Washington this offseason.,2026-08-27,https://www.youtube.com/watch?v=sTtFUy7IoJI
Jusuf Nurkic,UTA,Starter (C),,,Healthy,Utah re-signed him to replace Kessler.,2026-08-27,https://www.youtube.com/watch?v=sTtFUy7IoJI
Filip Petrusev,UTA,Bench,Way down,,Healthy,He was a top-50 player late last season but loses minutes on a team trying to win.,2026-08-27,https://www.youtube.com/watch?v=sTtFUy7IoJI
Nikola Vucevic,ORL,Backup C,~20-22 (down from 28),Down,Healthy,He backs up Wendell Carter Jr.,2026-08-27,https://www.youtube.com/watch?v=sTtFUy7IoJI
Santi Aldama,DAL,Bench (7th man),Low 20s (down from 28),,Knee surgery after last season; partial participant in camp,He came from Memphis and is blocked by a deep forward group.,2026-09-29,https://www.youtube.com/watch?v=XSPJL_mlFXo
Dereck Lively II,DAL,Injured,,,"Broken foot; out to start the season, likely back around Thanksgiving",He played only 7 games last season.,2026-09-29,https://www.youtube.com/watch?v=XSPJL_mlFXo
Bennedict Mathurin,NOP,Bench scorer,Down (~8 fewer than last season),,Healthy,He signed for 2 years and $16 million with a player option in year two.,2026-08-27,https://www.youtube.com/watch?v=sTtFUy7IoJI
Jalen Green,PHX,Starter,30-33,Down slightly (32% to 28-29%),Three hamstring strains last season,"His low minutes last season came from injuries and limits, not performance. He is expected to start with Booker, Brooks and Bridges, with Gillespie off the bench.",2026-07-20,https://www.youtube.com/watch?v=-KS_AZjZnw4
Khaman Maluach,PHX,Bench C,Up (~24 possible),,Healthy,"He looked good in Summer League and could challenge for a bigger role. He averaged 18 points, 13 rebounds and 2 blocks at Summer League. Mark Williams and Oso Ighodaro are ahead of him, and he gets a big role if Williams is hurt.",2026-07-21,https://www.youtube.com/watch?v=RyzcCGChYgs
Miles Bridges,PHX,Starter (PF),,,Healthy,He came from Charlotte and reduces Dillon Brooks's time at power forward.,2026-07-13,https://www.youtube.com/watch?v=Rqb5GdrSweY
Matas Buzelis,CHI,Starter,Up (from 29),Up (from 22%),Healthy,He should be Chicago's No. 1 or No. 2 usage option. He is the top third-year player to target.,2026-09-07,https://www.youtube.com/watch?v=gJUBAJaHzlU
Norman Powell,CHI,Starter,,Up,Healthy,He came from Miami and adds scoring but little else.,2026-07-13,https://www.youtube.com/watch?v=Rqb5GdrSweY
Josh Giddey,CHI,Starter,,,Healthy,He averaged 9.1 assists last season and could reach 10 with Dosunmu and White gone.,2026-07-07,https://www.youtube.com/watch?v=ME-r173X5b0
John Collins,DET,Starter (PF),Slightly more than 27,Up,Healthy,He averaged 13 and 5 in 27 minutes last season and needs about 31 minutes to be a strong category value.,2026-10-03,https://www.youtube.com/watch?v=_O9pc_u5vH0
Cade Cunningham,DET,Starter (PG),34 last season,High,Healthy (lung issue at the end of last season),"He averaged 24 points, 10 assists and 5 rebounds last season. Daniss Jenkins is the backup creator if he misses time.",2026-10-03,https://www.youtube.com/watch?v=_O9pc_u5vH0
Myles Turner,MIL,Starter (C),~29 (up from 27),,Healthy,"He was benched at random under Doc Rivers last season. Taylor Jenkins is the new coach, and Turner and Kel'el Ware can play together.",2026-07-20,https://www.youtube.com/watch?v=-KS_AZjZnw4
Kel'el Ware,MIL,Starter or backup C,More than last season's 22,,Healthy,"He is the better per-minute fantasy player than Turner, but Turner has seniority and the bigger contract.",2026-09-07,https://www.youtube.com/watch?v=gJUBAJaHzlU
Zach LaVine,SAC,Starter,,Up (more ball handling),Injury ended his season last year,"Schroder, Westbrook and DeRozan are gone. He is in the final year of his contract and could be traded.",2026-07-20,https://www.youtube.com/watch?v=-KS_AZjZnw4
Domantas Sabonis,SAC,Starter (C),~30,,Injured twice last season,"His shooting fell sharply last season. He is a trade candidate, and he still blocks Maxime Raynaud.",2026-07-20,https://www.youtube.com/watch?v=-KS_AZjZnw4
Malik Monk,SAC,Bench,Under 29,,Healthy,The coach and front office seem to dislike him.,2026-07-20,https://www.youtube.com/watch?v=-KS_AZjZnw4
Darius Acuff Jr.,SAC,Rookie guard,,~25% projected,Healthy,"He had 39% usage at Summer League but shot 35% from the field. There are fit concerns next to LaVine, Monk and Sabonis.",2026-09-03,https://www.youtube.com/watch?v=OBwWCxG9SqM
Ivica Zubac,IND,Starter (C),28-32 (split with Jay Huff),,Ankle injury and fractured rib last season; no concern now,He averaged 14 and 11 with a career-low 0.8 blocks last season and has reached 33 minutes only once.,2026-10-02,https://www.youtube.com/watch?v=EGdhmUgPAWY
Jalen Williams,OKC,Starter,,Up,"Wrist injury, then several hamstring injuries last season","OKC lost Aaron Wiggins, Isaiah Joe and Lu Dort, which should open usage for him.",2026-07-20,https://www.youtube.com/watch?v=-KS_AZjZnw4
Cameron Boozer,MEM,Starter (rookie),~30 (could be 33),,Healthy,He averaged 17-7-4 at Summer League. He could lead Memphis in assists.,2026-09-03,https://www.youtube.com/watch?v=OBwWCxG9SqM
Cedric Coward,MEM,Starter,Up slightly,Up,Healthy,He averaged 14-6-3 as a rookie.,2026-09-04,https://www.youtube.com/watch?v=gerS7ibpaJo
Caleb Wilson,CHI,Starter (rookie),~30 (maybe 27 early),~20%,Healthy,He averaged 22 and 7 at Summer League and shot 42% on 8 threes a game. He cannot pass much yet.,2026-09-03,https://www.youtube.com/watch?v=OBwWCxG9SqM
AJ Dybantsa,WAS,Starter (No. 1 pick),,Limited behind Trae Young and Anthony Davis,Healthy,He played only two Summer League games and shot 39%. His draft price looks far too high.,2026-09-03,https://www.youtube.com/watch?v=OBwWCxG9SqM
Mikel Brown Jr.,BKN,"Starter (PG, rookie)","~27 early, rising",,Healthy,He is about 80% likely to start at point guard. Rookie point guards usually struggle for the first two or three months.,2026-09-26,https://www.youtube.com/watch?v=3UGI05PDvrE
Egor Demin,BKN,Starter (not the PG),,Up (to about 20-21%),Healthy,He shot 39% on six three-point attempts a game last season and has the most upside on the roster.,2026-09-26,https://www.youtube.com/watch?v=3UGI05PDvrE
Keaton Wagler,LAC,"Bench (backup PG, rookie)",~25,,Healthy,The No. 5 pick has no clear path to starting this season.,2026-10-04,https://www.youtube.com/watch?v=tnzmsYUA4yQ
Max Strus,LAC,Starter,About 32,Up,Healthy,"His minutes fell to 24 last season after injuries. In his last 32-minute season he averaged 12 points, 5 rebounds, 4 assists and 2.5 threes.",2026-10-04,https://www.youtube.com/watch?v=tnzmsYUA4yQ
Darryn Peterson,UTA,Rookie guard (No. 2 pick),,Lower than his 38% Summer League rate,Healthy,He averaged 20 points but 5 turnovers at Summer League. He ranks outside the top 110.,2026-07-21,https://www.youtube.com/watch?v=RyzcCGChYgs
Ace Bailey,UTA,Bench,Near 30,,Some back issues in Summer League,He is expected to come off the bench.,2026-09-04,https://www.youtube.com/watch?v=gerS7ibpaJo
Derik Queen,NOP,Starter or bench (vs. Yves Missi),Up,,Healthy,New coach Jamahl Mosley has to choose between him and Missi. He has top-50 upside.,2026-09-04,https://www.youtube.com/watch?v=gerS7ibpaJo
Jeremiah Fears,NOP,Bench,Under 30,,Healthy,"He lost his starting job when Dejounte Murray returned last season, and Mathurin now joins the bench.",2026-09-04,https://www.youtube.com/watch?v=gerS7ibpaJo
Dylan Harper,SAS,Bench,Up slightly,,Healthy,"De'Aaron Fox and Stephon Castle will not be benched, so his role stays limited.",2026-09-04,https://www.youtube.com/watch?v=gerS7ibpaJo
Jayden Quaintance,SAS,Injured,,,Knee surgery; out most of the season,,2026-07-21,https://www.youtube.com/watch?v=RyzcCGChYgs
Cooper Flagg,DAL,Starter,~34 possible,Up,Healthy,He finished 36th in category leagues as a rookie and 14th over the final two months. Expect more than 5 assists even with Kyrie Irving there. He played point guard last season with Kyrie out and was 12th in category leagues over the final two months.,2026-09-29,https://www.youtube.com/watch?v=XSPJL_mlFXo
Kyrie Irving,DAL,Starter (PG),,,"Missed all last season (torn ACL); now fully healthy, may sit back-to-backs early",He is a per-game top-15 player when he plays.,2026-09-29,https://www.youtube.com/watch?v=XSPJL_mlFXo
Morez Johnson Jr.,DAL,"Starter (projected, while Lively is out)",~25 (maybe 28),,Healthy,"He is a rookie from Michigan, where Dusty May coached him. He plays power forward, and the fifth starter spot could go to Daniel Gafford instead.",2026-09-29,https://www.youtube.com/watch?v=XSPJL_mlFXo
Yanic Konan Niederhauser,LAC,Injured,,,Broken foot; return around Thanksgiving to Christmas,He would have been the starting center and projects for about 24 or more minutes once he is back.,2026-10-04,https://www.youtube.com/watch?v=tnzmsYUA4yQ
Bennett Stirtz,OKC,Rookie guard,,,Healthy,"He is not assured a rotation spot behind SGA, Mitchell, Wallace and Topic.",2026-07-21,https://www.youtube.com/watch?v=RyzcCGChYgs
Braden Burries,MIL,Rookie guard (No. 10 pick),Under 30 early,,Healthy,"He averaged 19.4 points at Summer League but sits behind Porter, Rollins, Herro and Jakucionis.",2026-07-23,https://www.youtube.com/watch?v=LUTYUdXBG1M
Gui Santos,GSW,7th man,,,Healthy,He played 31 minutes a game and was top 70 after the trade deadline last season. He is a strong late-round swing pick.,2026-10-01,https://www.youtube.com/watch?v=MUbNYdjpUDM
Max Christie,DAL,Starter,,,Healthy,He shot 40% from three on low usage. He has deep-league value only.,2026-09-29,https://www.youtube.com/watch?v=XSPJL_mlFXo
PJ Washington,DAL,Starter,,,Healthy,He finished 129th in category leagues last season.,2026-09-29,https://www.youtube.com/watch?v=XSPJL_mlFXo
Naji Marshall,DAL,6th man,,,Healthy,"He played about 30 minutes last season, partly at point guard.",2026-09-29,https://www.youtube.com/watch?v=XSPJL_mlFXo
Daniel Gafford,DAL,Backup C (could start),~23,,Healthy,He averaged 12 and 8 over his last 20 games last season.,2026-09-29,https://www.youtube.com/watch?v=XSPJL_mlFXo
Sergio de Larrea,DAL,Backup PG (rookie),,,Healthy,He could average 10 points and 5 assists in 27 minutes if Kyrie sits.,2026-09-29,https://www.youtube.com/watch?v=XSPJL_mlFXo
Zaccharie Risacher,DAL,Bench (10th man at best),,,Healthy,His minutes fell to about 22 last season.,2026-09-29,https://www.youtube.com/watch?v=XSPJL_mlFXo
Nikola Jokic,DEN,Starter (C),~35,,Healthy,He was No. 1 in both category and points leagues last season.,2026-09-30,https://www.youtube.com/watch?v=sf6Ga9k-r-Q
Jamal Murray,DEN,Starter,,Up last season (24% to 28%),Healthy,He had a career-best season with 25 points and 7 assists.,2026-09-30,https://www.youtube.com/watch?v=sf6Ga9k-r-Q
Christian Braun,DEN,Starter,,,Ankle injury last season,"If DeMar DeRozan takes minutes from a starter, it is most likely Braun.",2026-09-30,https://www.youtube.com/watch?v=sf6Ga9k-r-Q
Cam Johnson,DEN,Starter,,Low (15%),Healthy,He averaged 15 points and almost 3 threes over the final 13 games. He is a strong late-round swing pick.,2026-09-30,https://www.youtube.com/watch?v=sf6Ga9k-r-Q
Aaron Gordon,DEN,Starter,~28,,Repeated hamstring and calf injuries; played 36 games last season,Denver is expected to be cautious with him.,2026-09-30,https://www.youtube.com/watch?v=sf6Ga9k-r-Q
DeMar DeRozan,DEN,6th man,Lower than last season's 31,,Healthy,He came from Sacramento and should have the most bench minutes.,2026-09-30,https://www.youtube.com/watch?v=sf6Ga9k-r-Q
Spencer Jones,DEN,Backup PF,,,Healthy,,2026-09-30,https://www.youtube.com/watch?v=sf6Ga9k-r-Q
Marvin Bagley,DEN,Backup C,,,Healthy,He shot 46% from three on 52 attempts last season.,2026-09-30,https://www.youtube.com/watch?v=sf6Ga9k-r-Q
Tyus Jones,DEN,Backup PG,,,Healthy,,2026-09-30,https://www.youtube.com/watch?v=sf6Ga9k-r-Q
Stephen Curry,GSW,Starter,~31-33,,"Runner's knee last season; fine now, expect maintenance days",His minutes could dip if the Warriors are bad.,2026-10-01,https://www.youtube.com/watch?v=MUbNYdjpUDM
Brandin Podziemski,GSW,Starter,~32,,Healthy,"He averaged 18, 6 and 4 over his final 20 to 25 games last season.",2026-10-01,https://www.youtube.com/watch?v=MUbNYdjpUDM
Yaxel Lendeborg,GSW,"Starter (rookie, low confidence)",,Low,Healthy,"He is 24. His appeal is rebounds, assists, steals and blocks.",2026-10-01,https://www.youtube.com/watch?v=MUbNYdjpUDM
Draymond Green,GSW,Starter,,,Healthy,His value drops when Curry sits.,2026-10-01,https://www.youtube.com/watch?v=MUbNYdjpUDM
Al Horford,GSW,Starter (C) while Porzingis is out,,,Will not play back-to-backs,,2026-10-01,https://www.youtube.com/watch?v=MUbNYdjpUDM
Kristaps Porzingis,GSW,Starter when healthy,,,"Unclear illness; missed media day and preseason, opening night uncertain",He is the biggest Warriors fade.,2026-10-01,https://www.youtube.com/watch?v=MUbNYdjpUDM
De'Anthony Melton,GSW,6th man,,,ACL recovery last season; knee concerns,,2026-10-01,https://www.youtube.com/watch?v=MUbNYdjpUDM
Brandon Williams,GSW,Backup PG,,,Healthy,,2026-10-01,https://www.youtube.com/watch?v=MUbNYdjpUDM
Charles Bassey,GSW,Backup C,,,Healthy,He becomes a streamer when Porzingis and Horford both sit.,2026-10-01,https://www.youtube.com/watch?v=MUbNYdjpUDM
Jimmy Butler,GSW,Injured,,,"Torn ACL; earliest return Christmas, likely January",He will be limited in minutes and back-to-backs when he returns.,2026-10-01,https://www.youtube.com/watch?v=MUbNYdjpUDM
Moses Moody,GSW,Injured,,,Torn patellar tendon; likely a March return,,2026-10-01,https://www.youtube.com/watch?v=MUbNYdjpUDM
Donovan Clingan,POR,Starter (C),,,Healthy,He averaged 12 points and 12 rebounds. He is mainly a two-category player.,2026-09-07,https://www.youtube.com/watch?v=gJUBAJaHzlU
Kyshawn George,WAS,Fifth-starter candidate,,,Healthy,"If he starts, he plays shooting guard. Will Riley, Bub Carrington, Tre Johnson and Bilal Coulibaly compete for the same spot.",2026-09-07,https://www.youtube.com/watch?v=gJUBAJaHzlU
Ajay Mitchell,OKC,Bench,~26,,Healthy,He is not expected to start over Cason Wallace.,2026-09-07,https://www.youtube.com/watch?v=gJUBAJaHzlU
Pelle Larsson,MIA,Bench,,,Healthy,Klay Thompson's signing with Miami cuts into his minutes.,2026-09-07,https://www.youtube.com/watch?v=gJUBAJaHzlU
Zach Edey,MEM,,,,Multiple ankle and foot surgeries,It is doubtful he can play 30 minutes.,2026-09-07,https://www.youtube.com/watch?v=gJUBAJaHzlU
Tyrese Haliburton,IND,Starter (PG),Under 34 expected,,More than 12 months past a torn Achilles; says he has no restrictions,His minutes are expected to be held down early. His two-point finishing (about 59%) could slip after the Achilles injury.,2026-10-02,https://www.youtube.com/watch?v=EGdhmUgPAWY
Andrew Nembhard,IND,Starter,,Down (back under 20%),Healthy,"He averaged 17 points and 7.7 assists with Haliburton out last season, and about half of those assists should go away.",2026-10-02,https://www.youtube.com/watch?v=EGdhmUgPAWY
Pascal Siakam,IND,Starter (PF),,"Down (34% late last season, back under 30%)",Healthy,His assists should fall to about 3 to 3.2 with Haliburton back. Obi Toppin would start if he misses time.,2026-10-02,https://www.youtube.com/watch?v=EGdhmUgPAWY
Aaron Nesmith,IND,Starter,,,Healthy,His shooting fell without Haliburton last season (41% from the field) and should bounce back.,2026-10-02,https://www.youtube.com/watch?v=EGdhmUgPAWY
Kelly Oubre,IND,Bench (6th man),About 27,,Healthy,He needs 30 or more minutes to be useful.,2026-10-02,https://www.youtube.com/watch?v=EGdhmUgPAWY
Obi Toppin,IND,Bench (7th man),,,Healthy,He is the likely starter if Siakam gets hurt. He shot 44% from three over the last 15 games last season.,2026-10-02,https://www.youtube.com/watch?v=EGdhmUgPAWY
Jay Huff,IND,Bench (backup C),,,Healthy,"He played all 82 games last season with 9 points, 4 rebounds and 2 blocks a game. He would start if Zubac misses time.",2026-10-02,https://www.youtube.com/watch?v=EGdhmUgPAWY
T.J. McConnell,IND,Bench (backup PG),17-19,,Healthy,His minutes should hold steady whether or not Haliburton plays.,2026-10-02,https://www.youtube.com/watch?v=EGdhmUgPAWY
Jarace Walker,IND,Bench (10th man),,,Healthy,He played 30 minutes a night in 41 starts last season but is not expected to have a big role.,2026-10-02,https://www.youtube.com/watch?v=EGdhmUgPAWY
Johnny Furphy,IND,Injured,,,Torn ACL; maybe back halfway through the season,,2026-10-02,https://www.youtube.com/watch?v=EGdhmUgPAWY
Larry Nance,IND,Bench,,,Hamstring strain in camp; no timeline,,2026-10-02,https://www.youtube.com/watch?v=EGdhmUgPAWY
Jalen Duren,DET,Starter (C),28 last season,Could rise,Re-signed after a contract holdout; conditioning is the question,He averaged 19 and 10 in 28 minutes last season. He looks overpriced at an early draft spot unless his minutes jump. Paul Reed gets about 20 minutes if Duren plays 28.,2026-10-03,https://www.youtube.com/watch?v=_O9pc_u5vH0
Ausar Thompson,DET,Starter,More than 26 (coach’s word),Up,Healthy,"He averaged 2.5 steals and a block in under 26 minutes over the second half of last season. Tobias Harris is gone, so his assists and usage should rise.",2026-10-03,https://www.youtube.com/watch?v=_O9pc_u5vH0
Duncan Robinson,DET,Starter,24-25,,Healthy,"He is safe as a starter, but his minutes could shrink with Kevin Huerter and Isaiah Joe added.",2026-10-03,https://www.youtube.com/watch?v=_O9pc_u5vH0
Isaiah Joe,DET,Bench (6th man),20+,,Healthy,He hit 2.5 threes a game at 42% last season and is a three-point streamer.,2026-10-03,https://www.youtube.com/watch?v=_O9pc_u5vH0
Paul Reed,DET,Bench (backup C),About 20,,Healthy,"Isaiah Stewart is gone, so he moves up to backup center. He could push top-40 value if he ever plays 28 minutes.",2026-10-03,https://www.youtube.com/watch?v=_O9pc_u5vH0
Daniss Jenkins,DET,Bench,,,Healthy,"He averaged 15 points, 4 rebounds and 7 assists in 31 minutes over the final 16 games last season with Cade out.",2026-10-03,https://www.youtube.com/watch?v=_O9pc_u5vH0
Kevin Huerter,DET,Bench,,,Healthy,He is new to Detroit and is competing for the 10th rotation spot.,2026-10-03,https://www.youtube.com/watch?v=_O9pc_u5vH0
Ron Holland,DET,Bench,,,Healthy,,2026-10-03,https://www.youtube.com/watch?v=_O9pc_u5vH0
Derrick Jones Jr.,LAC,Starter,,,Healthy,"He should start for now, but his role shrinks when injured players return.",2026-10-04,https://www.youtube.com/watch?v=tnzmsYUA4yQ
Rui Hachimura,LAC,Starter,30+,Up (to 18%+),Healthy,"He has shot 40% or better from three for three straight years. With Ingram out, he has to step up.",2026-10-04,https://www.youtube.com/watch?v=tnzmsYUA4yQ
Isaiah Jackson,LAC,Starter (C),,,Two years past a torn Achilles,He is starting over Brook Lopez for now but is foul-prone and may not hold the job all season.,2026-10-04,https://www.youtube.com/watch?v=tnzmsYUA4yQ
Kris Dunn,LAC,Bench (6th man),,Up,Healthy,He averaged 7 points in 27 minutes last season.,2026-10-04,https://www.youtube.com/watch?v=tnzmsYUA4yQ
Bradley Beal,LAC,Bench (7th man when healthy),,,Hip fracture last season; knee soreness now; not expected ready to start the season,,2026-10-04,https://www.youtube.com/watch?v=tnzmsYUA4yQ
Kobe Sanders,LAC,Bench (10th man),,,Healthy,,2026-10-04,https://www.youtube.com/watch?v=tnzmsYUA4yQ
Gradey Dick,LAC,Bench (fringe),,,Healthy,He came from Toronto and is not a fantasy factor.,2026-10-04,https://www.youtube.com/watch?v=tnzmsYUA4yQ
Day’Ron Sharpe,BKN,Starter (C),About 24 (22-28 range),,Healthy,"He is a strong offensive rebounder, and at 27 minutes he could be a top-60 player.",2026-09-26,https://www.youtube.com/watch?v=3UGI05PDvrE
Keon Ellis,BKN,Bench (6th man),,,Healthy,He needs about 27 minutes to help in category leagues.,2026-09-26,https://www.youtube.com/watch?v=3UGI05PDvrE
Noah Clowney,BKN,Bench,,,Healthy,He gains minutes whenever Randle or Porter sits.,2026-09-26,https://www.youtube.com/watch?v=3UGI05PDvrE
Mo Wagner,BKN,Bench (backup C),,,Healthy,,2026-09-26,https://www.youtube.com/watch?v=3UGI05PDvrE
Danny Wolf,BKN,Bench,,,Healthy,He can play center and handle the ball.,2026-09-26,https://www.youtube.com/watch?v=3UGI05PDvrE
Nolan Traore,BKN,Bench (10th man),,,Healthy,He started much of last season but moves to the bench.,2026-09-26,https://www.youtube.com/watch?v=3UGI05PDvrE
Josh Minott,BKN,Fringe rotation,,,Healthy,He averaged 14 points and 2.5 threes in 23 minutes over his final nine games last season and gains minutes if Porter is traded.,2026-09-26,https://www.youtube.com/watch?v=3UGI05PDvrE
Moussa Diabaté,CHA,Starter (C),,,Healthy,The rookie center Charlotte drafted at No. 14 could threaten his job.,2026-09-27,https://www.youtube.com/watch?v=CRLSsoGhb2w
Dennis Schroder,CHA,Bench,,,Healthy,He is not expected to start over Coby White unless there is an injury.,2026-09-27,https://www.youtube.com/watch?v=CRLSsoGhb2w
Grant Williams,CHA,Bench,,,Hamstring; out for preseason and re-evaluated in week one,,2026-09-27,https://www.youtube.com/watch?v=CRLSsoGhb2w
Royce O’Neale,CHA,Bench,,,Healthy,,2026-09-27,https://www.youtube.com/watch?v=CRLSsoGhb2w
