rank,player,pos,team,change,note,source_date,source_url
1,Nikola Jokić,C,DEN,,He was No. 1 in both category and points leagues last season.,2026-09-29,https://www.nba.com/news/nba-fantasy-top-250-points-league-rankings
2,Luka Dončić,"PG,SG",LAL,,He should have the highest usage in the league with no LeBron. He averaged two steals a game over his final 23 games.,2026-09-29,https://www.nba.com/news/nba-fantasy-top-250-points-league-rankings
3,Victor Wembanyama,C,SAS,,,2026-09-29,https://www.nba.com/news/nba-fantasy-top-250-points-league-rankings
4,Giannis Antetokounmpo,"PF,C",MIA,Role up,"He played only 29 minutes last season, and 32 or more is expected in Miami.",2026-09-29,https://www.nba.com/news/nba-fantasy-top-250-points-league-rankings
5,Shai Gilgeous-Alexander,PG,OKC,,,2026-09-29,https://www.nba.com/news/nba-fantasy-top-250-points-league-rankings
6,Cade Cunningham,"PG,SG",DET,,He could top 10 assists given the lack of other creators.,2026-09-29,https://www.nba.com/news/nba-fantasy-top-250-points-league-rankings
7,Jayson Tatum,"SF,PF",BOS,,He could return to a top-five scoring role.,2026-09-29,https://www.nba.com/news/nba-fantasy-top-250-points-league-rankings
8,Jalen Johnson,"PF,SF",ATL,,"His assists and efficiency dropped when CJ McCollum played last season, so he could fall from 8 assists to about 7.",2026-09-29,https://www.nba.com/news/nba-fantasy-top-250-points-league-rankings
9,Anthony Edwards,"PG,SF,SG",MIN,,His scoring should dip from 28.8 to about 27 points with LaMelo Ball there.,2026-09-29,https://www.nba.com/news/nba-fantasy-top-250-points-league-rankings
10,Tyrese Maxey,"PG,SG",PHI,,He and Brown cannot both stay top-five scorers on the same team.,2026-09-29,https://www.nba.com/news/nba-fantasy-top-250-points-league-rankings
11,Tyrese Haliburton,"PG,SG",IND,,,2026-09-29,https://www.nba.com/news/nba-fantasy-top-250-points-league-rankings
12,Cooper Flagg,"PF,SF,SG",DAL,,He finished 36th in category leagues as a rookie and 14th over the final two months. Expect more than 5 assists even with Kyrie Irving there. He played point guard last season with Kyrie out and was 12th in category leagues over the final two months.,2026-09-29,https://www.nba.com/news/nba-fantasy-top-250-points-league-rankings
13,Alperen Sengun,"C,PF",HOU,,"His assists should fall from 6.2 to about 5-5.5 with VanVleet back, and Udoka may sit him for defense.",2026-09-29,https://www.nba.com/news/nba-fantasy-top-250-points-league-rankings
14,Donovan Mitchell,"PG,SG",CLE,,,2026-09-29,https://www.nba.com/news/nba-fantasy-top-250-points-league-rankings
15,Anthony Davis,"PF,C",WAS,,He arrived in Washington this offseason.,2026-09-29,https://www.nba.com/news/nba-fantasy-top-250-points-league-rankings
16,Paolo Banchero,"PF,SF",ORL,,,2026-09-29,https://www.nba.com/news/nba-fantasy-top-250-points-league-rankings
17,Scottie Barnes,"C,PF,SF,SG",TOR,,,2026-09-29,https://www.nba.com/news/nba-fantasy-top-250-points-league-rankings
18,Josh Giddey,"PG,SG,SF",CHI,,He averaged 9.1 assists last season and could reach 10 with Dosunmu and White gone.,2026-09-29,https://www.nba.com/news/nba-fantasy-top-250-points-league-rankings
19,Jamal Murray,PG,DEN,,He had a career-best season with 25 points and 7 assists.,2026-09-29,https://www.nba.com/news/nba-fantasy-top-250-points-league-rankings
20,LeBron James,"SF,PF",PHI,,He is now in Philadelphia.,2026-09-29,https://www.nba.com/news/nba-fantasy-top-250-points-league-rankings
21,LaMelo Ball,PG,MIN,,"He was traded from Charlotte, where his minutes were limited to protect his ankles.",2026-09-29,https://www.nba.com/news/nba-fantasy-top-250-points-league-rankings
22,Trae Young,PG,WAS,Role up,He played only about 25 minutes a game last season and should be back near 33-35 minutes.,2026-09-29,https://www.nba.com/news/nba-fantasy-top-250-points-league-rankings
23,Jalen Brunson,PG,NYK,,,2026-09-29,https://www.nba.com/news/nba-fantasy-top-250-points-league-rankings
24,Kevin Durant,"PF,SF,SG",HOU,,He played 78 games at 36 minutes last season and pushed back on media-day talk of cutting his minutes.,2026-09-29,https://www.nba.com/news/nba-fantasy-top-250-points-league-rankings
25,Amen Thompson,"PG,SF,SG",HOU,,"He will play less point guard with VanVleet back, so his assists may fall by about one per game.",2026-09-29,https://www.nba.com/news/nba-fantasy-top-250-points-league-rankings
26,Stephon Castle,"PG,SG",SAS,,,2026-09-29,https://www.nba.com/news/nba-fantasy-top-250-points-league-rankings
27,Karl-Anthony Towns,"PF,C",NYK,,,2026-09-29,https://www.nba.com/news/nba-fantasy-top-250-points-league-rankings
28,Bam Adebayo,"C,PF",MIA,,,2026-09-29,https://www.nba.com/news/nba-fantasy-top-250-points-league-rankings
29,Stephen Curry,PG,GSW,Rest watch,"He is healthy, but expect maintenance days.",2026-09-29,https://www.nba.com/news/nba-fantasy-top-250-points-league-rankings
30,James Harden,"PG,SG",CLE,,,2026-09-29,https://www.nba.com/news/nba-fantasy-top-250-points-league-rankings
31,Devin Booker,"PG,SG",PHX,,,2026-09-29,https://www.nba.com/news/nba-fantasy-top-250-points-league-rankings
32,Deni Avdija,"PF,SF,SG",POR,,,2026-09-29,https://www.nba.com/news/nba-fantasy-top-250-points-league-rankings
33,Kawhi Leonard,"PF,SF,SG",TOR,,"He was traded from the Clippers, pending the Aspiration investigation punishments as of July.",2026-09-29,https://www.nba.com/news/nba-fantasy-top-250-points-league-rankings
34,Jaylen Brown,"PF,SF,SG",PHI,Role down,"He now shares the ball with Maxey, Embiid and LeBron, and his usage could fall from 36% to about 28%.",2026-09-29,https://www.nba.com/news/nba-fantasy-top-250-points-league-rankings
35,Jalen Duren,C,DET,,,2026-09-29,https://www.nba.com/news/nba-fantasy-top-250-points-league-rankings
36,Evan Mobley,"PF,C",CLE,,,2026-09-29,https://www.nba.com/news/nba-fantasy-top-250-points-league-rankings
37,Trey Murphy III,"PF,SF,SG",NOP,,,2026-09-29,https://www.nba.com/news/nba-fantasy-top-250-points-league-rankings
38,Austin Reaves,"PG,SF,SG",LAL,Role up,"LeBron is gone, so his usage and assists should rise.",2026-09-29,https://www.nba.com/news/nba-fantasy-top-250-points-league-rankings
39,Keyonte George,"PG,SG",UTA,,,2026-09-29,https://www.nba.com/news/nba-fantasy-top-250-points-league-rankings
40,Domantas Sabonis,"C,PF",SAC,,"His shooting fell sharply last season. He is a trade candidate, and he still blocks Maxime Raynaud.",2026-09-29,https://www.nba.com/news/nba-fantasy-top-250-points-league-rankings
41,Pascal Siakam,"C,PF,SF",IND,,,2026-09-29,https://www.nba.com/news/nba-fantasy-top-250-points-league-rankings
42,Julius Randle,PF,BKN,Role up,"He moves to Brooklyn, where his usage should rise toward 29% and his assists toward 6-7.",2026-09-29,https://www.nba.com/news/nba-fantasy-top-250-points-league-rankings
43,Zion Williamson,"C,PF",NOP,,,2026-09-29,https://www.nba.com/news/nba-fantasy-top-250-points-league-rankings
44,Brandon Miller,"PF,SF,SG",CHA,,He could become a four-threes-a-game player.,2026-09-29,https://www.nba.com/news/nba-fantasy-top-250-points-league-rankings
45,Kyrie Irving,PG,DAL,Rest watch,He is back from a torn ACL and may sit back-to-backs for a while.,2026-09-29,https://www.nba.com/news/nba-fantasy-top-250-points-league-rankings
46,Ja Morant,PG,POR,Role down,"His usage should drop about five points next to Lillard, Holiday and Avdija.",2026-09-29,https://www.nba.com/news/nba-fantasy-top-250-points-league-rankings
47,Joel Embiid,C,PHI,Rest watch,He is not expected to play back-to-backs.,2026-09-29,https://www.nba.com/news/nba-fantasy-top-250-points-league-rankings
48,Damian Lillard,PG,POR,,,2026-09-29,https://www.nba.com/news/nba-fantasy-top-250-points-league-rankings
49,Jalen Williams,"PF,SF,SG",OKC,,"OKC lost Aaron Wiggins, Isaiah Joe and Lu Dort, which should open usage for him.",2026-09-29,https://www.nba.com/news/nba-fantasy-top-250-points-league-rankings
50,Dejounte Murray,"PG,SG",NOP,,,2026-09-29,https://www.nba.com/news/nba-fantasy-top-250-points-league-rankings
51,Chet Holmgren,"PF,C",OKC,,,2026-09-29,https://www.nba.com/news/nba-fantasy-top-250-points-league-rankings
52,Desmond Bane,"SG,SF",ORL,,,2026-09-29,https://www.nba.com/news/nba-fantasy-top-250-points-league-rankings
53,Lauri Markkanen,"SF,PF",UTA,,,2026-09-29,https://www.nba.com/news/nba-fantasy-top-250-points-league-rankings
54,Jaren Jackson Jr.,"PF,C",UTA,,,2026-09-29,https://www.nba.com/news/nba-fantasy-top-250-points-league-rankings
55,Tyler Herro,"PG,SG",MIL,,He came from Miami and will start but will not be the primary point guard.,2026-09-29,https://www.nba.com/news/nba-fantasy-top-250-points-league-rankings
56,Onyeka Okongwu,C,ATL,,"Quin Snyder's scheme pulls him away from the rim, which hurt his field-goal percentage and blocks.",2026-09-29,https://www.nba.com/news/nba-fantasy-top-250-points-league-rankings
57,Franz Wagner,"PF,SF",ORL,,,2026-09-29,https://www.nba.com/news/nba-fantasy-top-250-points-league-rankings
58,Walker Kessler,C,LAL,Role up,He is the Lakers' starting center behind a weak backup group.,2026-09-29,https://www.nba.com/news/nba-fantasy-top-250-points-league-rankings
59,De’Aaron Fox,"PG,SG",SAS,,,2026-09-29,https://www.nba.com/news/nba-fantasy-top-250-points-league-rankings
60,Michael Porter Jr.,"SF,PF",BKN,Role down,Randle's arrival makes last season's 32% usage almost impossible to repeat.,2026-09-29,https://www.nba.com/news/nba-fantasy-top-250-points-league-rankings
61,Matas Buzelis,"SF,PF",CHI,,He should be Chicago's No. 1 or No. 2 usage option. He is the top third-year player to target.,2026-09-29,https://www.nba.com/news/nba-fantasy-top-250-points-league-rankings
62,Nickeil Alexander-Walker,"PG,SG",ATL,,"He is the best Hawks target, though his late-season shooting will not continue.",2026-09-29,https://www.nba.com/news/nba-fantasy-top-250-points-league-rankings
63,Donovan Clingan,C,POR,,He averaged 12 points and 12 rebounds. He is mainly a two-category player.,2026-09-29,https://www.nba.com/news/nba-fantasy-top-250-points-league-rankings
64,Darius Garland,PG,LAC,,He gains usage with Kawhi gone.,2026-09-29,https://www.nba.com/news/nba-fantasy-top-250-points-league-rankings
65,Ryan Rollins,"PG,SG",MIL,,,2026-09-29,https://www.nba.com/news/nba-fantasy-top-250-points-league-rankings
66,Zach Edey,C,MEM,,It is doubtful he can play 30 minutes.,2026-09-29,https://www.nba.com/news/nba-fantasy-top-250-points-league-rankings
67,Dyson Daniels,"PG,SF,SG",ATL,,His steals should bounce back toward 2.3-2.6 per game.,2026-09-29,https://www.nba.com/news/nba-fantasy-top-250-points-league-rankings
68,Jarrett Allen,C,CLE,,,2026-09-29,https://www.nba.com/news/nba-fantasy-top-250-points-league-rankings
69,Brandon Ingram,"SG,SF,PF",LAC,,He is assumed to have gone to the Clippers in the Kawhi trade.,2026-09-29,https://www.nba.com/news/nba-fantasy-top-250-points-league-rankings
70,Cameron Boozer,PF,MEM,Role up,The rookie is expected to start at about 30 minutes and could lead Memphis in assists.,2026-09-29,https://www.nba.com/news/nba-fantasy-top-250-points-league-rankings
71,Derrick White,"PG,SG",BOS,,,2026-09-29,https://www.nba.com/news/nba-fantasy-top-250-points-league-rankings
72,Naz Reid,"PF,C",CHA,Role up,"He moves from Minnesota to Charlotte, where he projects as the starting power forward at about 33 minutes.",2026-09-29,https://www.nba.com/news/nba-fantasy-top-250-points-league-rankings
73,Kel’el Ware,C,MIL,,"He is the better per-minute fantasy player than Turner, but Turner has seniority and the bigger contract.",2026-09-29,https://www.nba.com/news/nba-fantasy-top-250-points-league-rankings
74,Ivica Zubac,C,IND,,He came from the Clippers. Jay Huff is still his backup.,2026-09-29,https://www.nba.com/news/nba-fantasy-top-250-points-league-rankings
75,Caleb Wilson,"PF,SF",CHI,,He averaged 22 and 7 at Summer League and shot 42% on 8 threes a game. He cannot pass much yet.,2026-09-29,https://www.nba.com/news/nba-fantasy-top-250-points-league-rankings
76,Alex Sarr,"C,PF",WAS,Role down,"Anthony Davis will protect the rim, so his usage and blocks should drop.",2026-09-29,https://www.nba.com/news/nba-fantasy-top-250-points-league-rankings
77,VJ Edgecombe,"PG,SG",PHI,,His role shrinks after Brown's arrival.,2026-09-29,https://www.nba.com/news/nba-fantasy-top-250-points-league-rankings
78,Paul George,"PF,SF",BOS,,He came from Philadelphia and was very good after his 25-game suspension last season.,2026-09-29,https://www.nba.com/news/nba-fantasy-top-250-points-league-rankings
79,Kon Knueppel,"SF,SG",CHA,,Charlotte traded LaMelo and Bridges partly to give him more.,2026-09-29,https://www.nba.com/news/nba-fantasy-top-250-points-league-rankings
80,Payton Pritchard,"PG,SG",BOS,,,2026-09-29,https://www.nba.com/news/nba-fantasy-top-250-points-league-rankings
81,Ausar Thompson,"PF,SF,SG",DET,,,2026-09-29,https://www.nba.com/news/nba-fantasy-top-250-points-league-rankings
82,Coby White,"PG,SG",CHA,Role up,"He takes over at point guard in Charlotte with LaMelo Ball gone, with a floor of about 32 minutes.",2026-09-29,https://www.nba.com/news/nba-fantasy-top-250-points-league-rankings
83,Norman Powell,"SG,SF",CHI,,He came from Miami and adds scoring but little else.,2026-09-29,https://www.nba.com/news/nba-fantasy-top-250-points-league-rankings
84,RJ Barrett,"PF,SF,SG",TOR,,,2026-09-29,https://www.nba.com/news/nba-fantasy-top-250-points-league-rankings
85,Josh Hart,"SF,SG",NYK,,,2026-09-29,https://www.nba.com/news/nba-fantasy-top-250-points-league-rankings
86,Immanuel Quickley,"PG,SG",TOR,,,2026-09-29,https://www.nba.com/news/nba-fantasy-top-250-points-league-rankings
87,Day’Ron Sharpe,C,BKN,,,2026-09-29,https://www.nba.com/news/nba-fantasy-top-250-points-league-rankings
88,Jalen Suggs,"PG,SG",ORL,,,2026-09-29,https://www.nba.com/news/nba-fantasy-top-250-points-league-rankings
89,Rudy Gobert,C,MIN,,He will carry more defensive load next to Kuminga and Ball.,2026-09-29,https://www.nba.com/news/nba-fantasy-top-250-points-league-rankings
90,Cedric Coward,"SF,SG",MEM,,He averaged 14-6-3 as a rookie.,2026-09-29,https://www.nba.com/news/nba-fantasy-top-250-points-league-rankings
91,Darius Acuff Jr.,PG,SAC,,"He had 39% usage at Summer League but shot 35% from the field. There are fit concerns next to LaVine, Monk and Sabonis.",2026-09-29,https://www.nba.com/news/nba-fantasy-top-250-points-league-rankings
92,Jaden McDaniels,"PF,SF",MIN,,The Kuminga signing hurts his value.,2026-09-29,https://www.nba.com/news/nba-fantasy-top-250-points-league-rankings
93,Dylan Harper,"PG,SG",SAS,,"De'Aaron Fox and Stephon Castle will not be benched, so his role stays limited.",2026-09-29,https://www.nba.com/news/nba-fantasy-top-250-points-league-rankings
94,Nic Claxton,C,CHI,,,2026-09-29,https://www.nba.com/news/nba-fantasy-top-250-points-league-rankings
95,Jalen Green,"SF,SG",PHX,Role up,"Hamstring limits held him to about 26 minutes last season, and 30-33 is expected now.",2026-09-29,https://www.nba.com/news/nba-fantasy-top-250-points-league-rankings
96,OG Anunoby,"SF,PF",NYK,,,2026-09-29,https://www.nba.com/news/nba-fantasy-top-250-points-league-rankings
97,Andrew Wiggins,"PF,SF,SG",MIA,,,2026-09-29,https://www.nba.com/news/nba-fantasy-top-250-points-league-rankings
98,Jusuf Nurkić,C,UTA,,Utah re-signed him to replace Kessler.,2026-09-29,https://www.nba.com/news/nba-fantasy-top-250-points-league-rankings
99,AJ Dybantsa,SF,WAS,,He played only two Summer League games and shot 39%. His draft price looks far too high.,2026-09-29,https://www.nba.com/news/nba-fantasy-top-250-points-league-rankings
100,Ty Jerome,"PG,SG",MEM,,,2026-09-29,https://www.nba.com/news/nba-fantasy-top-250-points-league-rankings
101,Zach LaVine,"PG,SF,SG",SAC,,"Schroder, Westbrook and DeRozan are gone. He is in the final year of his contract and could be traded.",2026-09-29,https://www.nba.com/news/nba-fantasy-top-250-points-league-rankings
102,Derik Queen,"C,PF",NOP,,New coach Jamahl Mosley has to choose between him and Missi. He has top-50 upside.,2026-09-29,https://www.nba.com/news/nba-fantasy-top-250-points-league-rankings
103,Miles Bridges,"SF,PF",PHX,,He came from Charlotte and reduces Dillon Brooks's time at power forward.,2026-09-29,https://www.nba.com/news/nba-fantasy-top-250-points-league-rankings
104,Andrew Nembhard,"PG,SG",IND,,,2026-09-29,https://www.nba.com/news/nba-fantasy-top-250-points-league-rankings
105,Peyton Watson,"SF,PF",CLE,,,2026-09-29,https://www.nba.com/news/nba-fantasy-top-250-points-league-rankings
106,Jabari Smith Jr.,"C,PF",HOU,,His minutes are stable and higher than Sengun's.,2026-09-29,https://www.nba.com/news/nba-fantasy-top-250-points-league-rankings
107,CJ McCollum,"PG,SG",ATL,,He came from Washington and is now a locked-in starter.,2026-09-29,https://www.nba.com/news/nba-fantasy-top-250-points-league-rankings
108,Keegan Murray,"SF,PF",SAC,,,2026-09-29,https://www.nba.com/news/nba-fantasy-top-250-points-league-rankings
109,Darryn Peterson,"PG,SG",UTA,,He averaged 20 points but 5 turnovers at Summer League. He ranks outside the top 110.,2026-09-29,https://www.nba.com/news/nba-fantasy-top-250-points-league-rankings
110,Myles Turner,C,MIL,Role up,"New coach Taylor Jenkins should lift him from 27 minutes to about 29, with Giannis gone.",2026-09-29,https://www.nba.com/news/nba-fantasy-top-250-points-league-rankings
111,Isaiah Hartenstein,C,OKC,,,2026-09-29,https://www.nba.com/news/nba-fantasy-top-250-points-league-rankings
112,Mikal Bridges,"PF,SF,SG",NYK,,,2026-09-29,https://www.nba.com/news/nba-fantasy-top-250-points-league-rankings
113,Jakob Poeltl,C,TOR,,He is expected to start over Murray-Boyles.,2026-09-29,https://www.nba.com/news/nba-fantasy-top-250-points-league-rankings
114,Davion Mitchell,PG,MIA,,,2026-09-29,https://www.nba.com/news/nba-fantasy-top-250-points-league-rankings
115,Rui Hachimura,"SF,PF",LAC,,,2026-09-29,https://www.nba.com/news/nba-fantasy-top-250-points-league-rankings
116,Neemias Queta,C,BOS,,,2026-09-29,https://www.nba.com/news/nba-fantasy-top-250-points-league-rankings
117,John Collins,"PF,C",DET,,"The move helps Collins's fantasy value. Detroit chose Collins over Tobias Harris, and the power forward depth behind him is thin.",2026-09-29,https://www.nba.com/news/nba-fantasy-top-250-points-league-rankings
118,Collin Murray-Boyles,"C,PF",TOR,Role up,"Mamukelashvili left Toronto, so 25-27 minutes is expected, up from about 22.",2026-09-29,https://www.nba.com/news/nba-fantasy-top-250-points-league-rankings
119,Khaman Maluach,C,PHX,,"He looked good in Summer League and could challenge for a bigger role. He averaged 18 points, 13 rebounds and 2 blocks at Summer League. Mark Williams and Oso Ighodaro are ahead of him, and he gets a big role if Williams is hurt.",2026-09-29,https://www.nba.com/news/nba-fantasy-top-250-points-league-rankings
120,Kyshawn George,"PF,SF,SG",WAS,,"If he starts, he plays shooting guard. Will Riley, Bub Carrington, Tre Johnson and Bilal Coulibaly compete for the same spot.",2026-09-29,https://www.nba.com/news/nba-fantasy-top-250-points-league-rankings
121,DeMar DeRozan,"PF,SF",DEN,,He came from Sacramento and should have the most bench minutes.,2026-09-29,https://www.nba.com/news/nba-fantasy-top-250-points-league-rankings
122,Quentin Grimes,"SG,SF",LAL,Role up,He projects as a Lakers starter and jumps further whenever Luka or Reaves sits.,2026-09-29,https://www.nba.com/news/nba-fantasy-top-250-points-league-rankings
123,Jonathan Kuminga,"PF,SF",MIN,Role up,He signed with Minnesota and is expected to start at about 28-29 minutes.,2026-09-29,https://www.nba.com/news/nba-fantasy-top-250-points-league-rankings
124,Brandin Podziemski,"PG,SG",GSW,,"He averaged 18, 6 and 4 over his final 20 to 25 games last season.",2026-09-29,https://www.nba.com/news/nba-fantasy-top-250-points-league-rankings
125,Egor Dëmin,"PG,SG",BKN,,Brooklyn does not seem to see him as a point guard.,2026-09-29,https://www.nba.com/news/nba-fantasy-top-250-points-league-rankings
126,Ayo Dosunmu,"PG,SF,SG",MIN,Role down,The Kuminga signing pushes him to a bench role at about 29 minutes.,2026-09-29,https://www.nba.com/news/nba-fantasy-top-250-points-league-rankings
127,Collin Gillespie,"PG,SG",PHX,,,2026-09-29,https://www.nba.com/news/nba-fantasy-top-250-points-league-rankings
128,Tre Jones,"PG,SG",CHI,,,2026-09-29,https://www.nba.com/news/nba-fantasy-top-250-points-league-rankings
129,Bennedict Mathurin,"SG,SF",NOP,,He signed for 2 years and $16 million with a player option in year two.,2026-09-29,https://www.nba.com/news/nba-fantasy-top-250-points-league-rankings
130,Jaime Jaquez Jr.,"PF,SF,SG",MIL,,,2026-09-29,https://www.nba.com/news/nba-fantasy-top-250-points-league-rankings
131,Jrue Holiday,"PG,SG",POR,,"He moves to the three, and Sharpe's injury frees some minutes for him.",2026-09-29,https://www.nba.com/news/nba-fantasy-top-250-points-league-rankings
132,Aaron Gordon,"PF,C",DEN,Rest watch,Denver is expected to be cautious after his hamstring and calf injuries.,2026-09-29,https://www.nba.com/news/nba-fantasy-top-250-points-league-rankings
133,Yaxel Lendeborg,"PF,SF",GSW,,"He is 24. His appeal is rebounds, assists, steals and blocks.",2026-09-29,https://www.nba.com/news/nba-fantasy-top-250-points-league-rankings
134,P.J. Washington Jr.,"C,PF,SF",DAL,,He finished 129th in category leagues last season.,2026-09-29,https://www.nba.com/news/nba-fantasy-top-250-points-league-rankings
135,Wendell Carter Jr.,C,ORL,,,2026-09-29,https://www.nba.com/news/nba-fantasy-top-250-points-league-rankings
136,Pelle Larsson,"SG,SF",MIA,,Klay Thompson's signing with Miami cuts into his minutes.,2026-09-29,https://www.nba.com/news/nba-fantasy-top-250-points-league-rankings
137,Ace Bailey,"PF,SF",UTA,,He is expected to come off the bench.,2026-09-29,https://www.nba.com/news/nba-fantasy-top-250-points-league-rankings
138,Daniel Gafford,C,DAL,,He averaged 12 and 8 over his last 20 games last season.,2026-09-29,https://www.nba.com/news/nba-fantasy-top-250-points-league-rankings
139,Saddiq Bey,"SF,PF",NOP,,,2026-09-29,https://www.nba.com/news/nba-fantasy-top-250-points-league-rankings
140,Kevin Porter Jr.,"PG,SG",MIL,Role down,He probably moves to the bench after playing 33 minutes a night last season.,2026-09-29,https://www.nba.com/news/nba-fantasy-top-250-points-league-rankings
141,Draymond Green,"PF,C",GSW,,His value drops when Curry sits.,2026-09-29,https://www.nba.com/news/nba-fantasy-top-250-points-league-rankings
142,Kristaps Porziņģis,"PF,C",GSW,Out to start,Unclear illness; opening night is uncertain.,2026-09-29,https://www.nba.com/news/nba-fantasy-top-250-points-league-rankings
143,Ajay Mitchell,"PG,SG",OKC,,He is not expected to start over Cason Wallace.,2026-09-29,https://www.nba.com/news/nba-fantasy-top-250-points-league-rankings
144,Dillon Brooks,"PF,SF,SG",PHX,,,2026-09-29,https://www.nba.com/news/nba-fantasy-top-250-points-league-rankings
145,Jimmy Butler III,"PF,SF,SG",GSW,Out to start,Torn ACL; a January return is the guess.,2026-09-29,https://www.nba.com/news/nba-fantasy-top-250-points-league-rankings
146,Fred VanVleet,"PG,SG",HOU,Rest watch,He is back from a torn ACL and is likely to sit back-to-backs until about Thanksgiving.,2026-09-29,https://www.nba.com/news/nba-fantasy-top-250-points-league-rankings
147,Anthony Black,"PG,SG,SF",ORL,,,2026-09-29,https://www.nba.com/news/nba-fantasy-top-250-points-league-rankings
148,Reed Sheppard,"PG,SG",HOU,Role down,"VanVleet, Smart and Bogdanovic cut his path to more than about 26 minutes.",2026-09-29,https://www.nba.com/news/nba-fantasy-top-250-points-league-rankings
149,Herbert Jones,"PF,SF,SG",NOP,,,2026-09-29,https://www.nba.com/news/nba-fantasy-top-250-points-league-rankings
150,Mikel Brown Jr.,G,FA,Role up,The rookie is expected to start at point guard for Brooklyn.,2026-09-29,https://www.nba.com/news/nba-fantasy-top-250-points-league-rankings
151,Jerami Grant,"SF,PF",MEM,,,2026-09-29,https://www.nba.com/news/nba-fantasy-top-250-points-league-rankings
152,Devin Vassell,"SG,SF",SAS,,,2026-09-29,https://www.nba.com/news/nba-fantasy-top-250-points-league-rankings
153,Toumani Camara,"PF,SF",POR,,,2026-09-29,https://www.nba.com/news/nba-fantasy-top-250-points-league-rankings
154,Yves Missi,C,NOP,,,2026-09-29,https://www.nba.com/news/nba-fantasy-top-250-points-league-rankings
155,Sandro Mamukelashvili,"PF,C",LAL,,He came from Toronto and would play 30+ minutes if Kessler is out.,2026-09-29,https://www.nba.com/news/nba-fantasy-top-250-points-league-rankings
156,Jeremiah Fears,"PG,SG",NOP,,"He lost his starting job when Dejounte Murray returned last season, and Mathurin now joins the bench.",2026-09-29,https://www.nba.com/news/nba-fantasy-top-250-points-league-rankings
157,Isaiah Collier,"PG,SG",UTA,,,2026-09-29,https://www.nba.com/news/nba-fantasy-top-250-points-league-rankings
158,Moussa Diabaté,"PF,C",CHA,,,2026-09-29,https://www.nba.com/news/nba-fantasy-top-250-points-league-rankings
159,Cason Wallace,"PG,SF,SG",OKC,,,2026-09-29,https://www.nba.com/news/nba-fantasy-top-250-points-league-rankings
160,Scotty Pippen Jr.,"PG,SG",MEM,,,2026-09-29,https://www.nba.com/news/nba-fantasy-top-250-points-league-rankings
161,Bobby Portis Jr.,"PF,C",MIA,,,2026-09-29,https://www.nba.com/news/nba-fantasy-top-250-points-league-rankings
162,Kyle Kuzma,"SF,PF",MIL,,,2026-09-29,https://www.nba.com/news/nba-fantasy-top-250-points-league-rankings
163,Maxime Raynaud,C,SAC,,,2026-09-29,https://www.nba.com/news/nba-fantasy-top-250-points-league-rankings
164,Bradley Beal,"SF,SG",LAC,,,2026-09-29,https://www.nba.com/news/nba-fantasy-top-250-points-league-rankings
165,Cameron Johnson,"PF,SF",DEN,,,2026-09-29,https://www.nba.com/news/nba-fantasy-top-250-points-league-rankings
166,Tobias Harris,"PF,SF",SAS,,,2026-09-29,https://www.nba.com/news/nba-fantasy-top-250-points-league-rankings
167,Paul Reed,"C,PF",DET,,,2026-09-29,https://www.nba.com/news/nba-fantasy-top-250-points-league-rankings
168,Tari Eason,"PF,SF,SG",HOU,,"If Durant or Jabari Smith sits, he could play about 32 minutes.",2026-09-29,https://www.nba.com/news/nba-fantasy-top-250-points-league-rankings
169,Klay Thompson,"SG,SF",MIA,,,2026-09-29,https://www.nba.com/news/nba-fantasy-top-250-points-league-rankings
170,Dennis Schröder,"PG,SG",CHA,,,2026-09-29,https://www.nba.com/news/nba-fantasy-top-250-points-league-rankings
171,Duncan Robinson,"SG,SF",DET,,,2026-09-29,https://www.nba.com/news/nba-fantasy-top-250-points-league-rankings
172,Anfernee Simons,"PG,SG",PHI,,,2026-09-29,https://www.nba.com/news/nba-fantasy-top-250-points-league-rankings
173,Jake LaRavia,"SF,PF",LAL,,He started 43 games at 30 minutes last season and is a candidate for the fifth starter spot.,2026-09-29,https://www.nba.com/news/nba-fantasy-top-250-points-league-rankings
174,Deandre Ayton,C,WAS,,,2026-09-29,https://www.nba.com/news/nba-fantasy-top-250-points-league-rankings
175,Grayson Allen,"PG,SF,SG",CHA,,He has no fantasy impact as a bench player.,2026-09-29,https://www.nba.com/news/nba-fantasy-top-250-points-league-rankings
176,Kelly Oubre Jr.,"PF,SF,SG",IND,,,2026-09-29,https://www.nba.com/news/nba-fantasy-top-250-points-league-rankings
177,Jared McCain,"PG,SG",OKC,,,2026-09-29,https://www.nba.com/news/nba-fantasy-top-250-points-league-rankings
178,Jordan Poole,"PG,SG",NOP,,,2026-09-29,https://www.nba.com/news/nba-fantasy-top-250-points-league-rankings
179,Nikola Vučević,C,ORL,Role down,He is now Orlando's backup center at about 20-22 minutes.,2026-09-29,https://www.nba.com/news/nba-fantasy-top-250-points-league-rankings
180,Santi Aldama,"PF,SF",DAL,Role down,He drops to a low-20s bench role in Dallas after 28 minutes in Memphis.,2026-09-29,https://www.nba.com/news/nba-fantasy-top-250-points-league-rankings
181,Scoot Henderson,"PG,SG",POR,,,2026-09-29,https://www.nba.com/news/nba-fantasy-top-250-points-league-rankings
182,Naji Marshall,"PF,SF,SG",DAL,,"He played about 30 minutes last season, partly at point guard.",2026-09-29,https://www.nba.com/news/nba-fantasy-top-250-points-league-rankings
183,Joan Beringer,"C,PF",MIN,,"He gains minutes in Gobert foul trouble, blowouts or absences. He becomes a must-roster player if Gobert misses games.",2026-09-29,https://www.nba.com/news/nba-fantasy-top-250-points-league-rankings
184,Christian Braun,"PF,SF,SG",DEN,,"If DeMar DeRozan takes minutes from a starter, it is most likely Braun.",2026-09-29,https://www.nba.com/news/nba-fantasy-top-250-points-league-rankings
185,De’Andre Hunter,"SF,PF",SAC,,,2026-09-29,https://www.nba.com/news/nba-fantasy-top-250-points-league-rankings
186,Nique Clifford,"SF,SG",SAC,,,2026-09-29,https://www.nba.com/news/nba-fantasy-top-250-points-league-rankings
187,Malik Monk,"PG,SG",SAC,,The coach and front office seem to dislike him.,2026-09-29,https://www.nba.com/news/nba-fantasy-top-250-points-league-rankings
188,GG Jackson II,"C,PF,SF",MEM,,,2026-09-29,https://www.nba.com/news/nba-fantasy-top-250-points-league-rankings
189,Jaylon Tyson,"PF,SF,SG",CLE,,,2026-09-29,https://www.nba.com/news/nba-fantasy-top-250-points-league-rankings
190,Bilal Coulibaly,"SG,SF",WAS,,,2026-09-29,https://www.nba.com/news/nba-fantasy-top-250-points-league-rankings
191,Brook Lopez,C,LAC,,He is listed as the starting center.,2026-09-29,https://www.nba.com/news/nba-fantasy-top-250-points-league-rankings
192,Aaron Nesmith,"PF,SF,SG",IND,,,2026-09-29,https://www.nba.com/news/nba-fantasy-top-250-points-league-rankings
193,Dereck Lively II,C,DAL,Out to start,Broken foot; a return around Thanksgiving is the guess.,2026-09-29,https://www.nba.com/news/nba-fantasy-top-250-points-league-rankings
194,Kyle Filipowski,"C,PF",UTA,,,2026-09-29,https://www.nba.com/news/nba-fantasy-top-250-points-league-rankings
195,Precious Achiuwa,"PF,C",SAC,,,2026-09-29,https://www.nba.com/news/nba-fantasy-top-250-points-league-rankings
196,Mark Williams,C,PHX,,,2026-09-29,https://www.nba.com/news/nba-fantasy-top-250-points-league-rankings
197,Tre Johnson,"PG,SF,SG",WAS,,,2026-09-29,https://www.nba.com/news/nba-fantasy-top-250-points-league-rankings
198,Keldon Johnson,"PF,SF",SAS,,,2026-09-29,https://www.nba.com/news/nba-fantasy-top-250-points-league-rankings
199,Oso Ighodaro,"C,PF",PHX,,,2026-09-29,https://www.nba.com/news/nba-fantasy-top-250-points-league-rankings
200,Collin Sexton,"PG,SG",LAL,,He only matters if two guards are out at once.,2026-09-29,https://www.nba.com/news/nba-fantasy-top-250-points-league-rankings
201,Keaton Wagler,"PG,SG",LAC,,"He may not start on opening night behind Garland, Dunn and new arrival Max Strus.",2026-09-29,https://www.nba.com/news/nba-fantasy-top-250-points-league-rankings
202,Shaedon Sharpe,"PG,SF,SG",POR,Out to start,Torn meniscus; out basically all season.,2026-09-29,https://www.nba.com/news/nba-fantasy-top-250-points-league-rankings
203,Bub Carrington,"PG,SG",WAS,,,2026-09-29,https://www.nba.com/news/nba-fantasy-top-250-points-league-rankings
204,Terrence Shannon Jr.,G,MIN,,,2026-09-29,https://www.nba.com/news/nba-fantasy-top-250-points-league-rankings
205,Kris Dunn,"PG,SG",LAC,,,2026-09-29,https://www.nba.com/news/nba-fantasy-top-250-points-league-rankings
206,Miles McBride,"PG,SG",NYK,,,2026-09-29,https://www.nba.com/news/nba-fantasy-top-250-points-league-rankings
207,Will Riley,"PF,SF",WAS,,,2026-09-29,https://www.nba.com/news/nba-fantasy-top-250-points-league-rankings
208,Jaylen Wells,"SF,SG",MEM,,,2026-09-29,https://www.nba.com/news/nba-fantasy-top-250-points-league-rankings
209,Marvin Bagley III,"PF,C",DEN,,He shot 46% from three on 52 attempts last season.,2026-09-29,https://www.nba.com/news/nba-fantasy-top-250-points-league-rankings
210,Brice Sensabaugh,"PF,SF,SG",UTA,,,2026-09-29,https://www.nba.com/news/nba-fantasy-top-250-points-league-rankings
211,T.J. McConnell,PG,IND,,,2026-09-29,https://www.nba.com/news/nba-fantasy-top-250-points-league-rankings
212,Jamal Shead,PG,TOR,,,2026-09-29,https://www.nba.com/news/nba-fantasy-top-250-points-league-rankings
213,Julian Champagnie,"PF,SF,SG",SAS,,,2026-09-29,https://www.nba.com/news/nba-fantasy-top-250-points-league-rankings
214,Isaiah Stewart,"C,PF",MEM,,,2026-09-29,https://www.nba.com/news/nba-fantasy-top-250-points-league-rankings
215,Labaron Philon Jr.,"PG,SG",PHI,,,2026-09-29,https://www.nba.com/news/nba-fantasy-top-250-points-league-rankings
216,Max Strus,"PF,SF",LAC,,"The Clippers just traded for him, and he is expected to start.",2026-09-29,https://www.nba.com/news/nba-fantasy-top-250-points-league-rankings
217,Robert Williams III,C,POR,,,2026-09-29,https://www.nba.com/news/nba-fantasy-top-250-points-league-rankings
218,Alex Caruso,"PG,SG,SF",OKC,,,2026-09-29,https://www.nba.com/news/nba-fantasy-top-250-points-league-rankings
219,Luguentz Dort,"SG,SF",ATL,,He would start if Daniels or Alexander-Walker sits.,2026-09-29,https://www.nba.com/news/nba-fantasy-top-250-points-league-rankings
220,Jay Huff,C,IND,,,2026-09-29,https://www.nba.com/news/nba-fantasy-top-250-points-league-rankings
221,Royce O’Neale,"SF,PF",CHA,,,2026-09-29,https://www.nba.com/news/nba-fantasy-top-250-points-league-rankings
222,Al Horford,"PF,C",GSW,Rest watch,He will not play back-to-backs.,2026-09-29,https://www.nba.com/news/nba-fantasy-top-250-points-league-rankings
223,Morez Johnson Jr.,C,DAL,Role up,The rookie projects as a Dallas starter while Dereck Lively II is out.,2026-09-29,https://www.nba.com/news/nba-fantasy-top-250-points-league-rankings
224,Mitchell Robinson,C,BOS,,He is new to Boston and is not expected to start.,2026-09-29,https://www.nba.com/news/nba-fantasy-top-250-points-league-rankings
225,Jalen Smith,"PF,C",CHI,,,2026-09-29,https://www.nba.com/news/nba-fantasy-top-250-points-league-rankings
226,Noah Clowney,"C,PF",BKN,,,2026-09-29,https://www.nba.com/news/nba-fantasy-top-250-points-league-rankings
227,Gradey Dick,"SG,SF",LAC,,,2026-09-29,https://www.nba.com/news/nba-fantasy-top-250-points-league-rankings
228,Ben Simmons,PG,SAC,,,2026-09-29,https://www.nba.com/news/nba-fantasy-top-250-points-league-rankings
229,Jaylin Williams,"PF,C",OKC,,,2026-09-29,https://www.nba.com/news/nba-fantasy-top-250-points-league-rankings
230,Cam Spencer,"PG,SG",MEM,,,2026-09-29,https://www.nba.com/news/nba-fantasy-top-250-points-league-rankings
231,Nikola Jović,"C,PF",MIA,,,2026-09-29,https://www.nba.com/news/nba-fantasy-top-250-points-league-rankings
232,Kevin Huerter,"SG,SF",DET,,,2026-09-29,https://www.nba.com/news/nba-fantasy-top-250-points-league-rankings
233,Andre Drummond,C,NYK,,,2026-09-29,https://www.nba.com/news/nba-fantasy-top-250-points-league-rankings
234,Marcus Smart,"PG,SG",HOU,,He came from the Lakers and would likely start if VanVleet sits.,2026-09-29,https://www.nba.com/news/nba-fantasy-top-250-points-league-rankings
235,Hannes Steinbach,PF,CHA,,,2026-09-29,https://www.nba.com/news/nba-fantasy-top-250-points-league-rankings
236,Ryan Kalkbrenner,C,CHA,,,2026-09-29,https://www.nba.com/news/nba-fantasy-top-250-points-league-rankings
237,Tristan da Silva,"SF,PF",ORL,,,2026-09-29,https://www.nba.com/news/nba-fantasy-top-250-points-league-rankings
238,Rob Dillingham,"PG,SG",FA,,,2026-09-29,https://www.nba.com/news/nba-fantasy-top-250-points-league-rankings
239,Jordan Clarkson,"PG,SF,SG",NYK,,,2026-09-29,https://www.nba.com/news/nba-fantasy-top-250-points-league-rankings
240,Bones Hyland,"PG,SG",MIN,,,2026-09-29,https://www.nba.com/news/nba-fantasy-top-250-points-league-rankings
241,Sam Hauser,"SF,PF",BOS,,,2026-09-29,https://www.nba.com/news/nba-fantasy-top-250-points-league-rankings
242,Allen Graves,"PF,SF",TOR,,,2026-09-29,https://www.nba.com/news/nba-fantasy-top-250-points-league-rankings
243,Brayden Burries,SG,MIL,,,2026-09-29,https://www.nba.com/news/nba-fantasy-top-250-points-league-rankings
244,Kingston Flemings,"PG,SG",ATL,,"He would likely start if McCollum is out, though Dort could start instead. He had a strong Summer League with 7 assists a game and a 4.1-to-1 assist-to-turnover ratio.",2026-09-29,https://www.nba.com/news/nba-fantasy-top-250-points-league-rankings
245,De’Anthony Melton,"PG,SG",GSW,,,2026-09-29,https://www.nba.com/news/nba-fantasy-top-250-points-league-rankings
246,Khris Middleton,"PF,SF,SG",WAS,,,2026-09-29,https://www.nba.com/news/nba-fantasy-top-250-points-league-rankings
247,Kentavious Caldwell-Pope,"SG,SF",PHI,,,2026-09-29,https://www.nba.com/news/nba-fantasy-top-250-points-league-rankings
248,Zach Collins,C,CHI,,,2026-09-29,https://www.nba.com/news/nba-fantasy-top-250-points-league-rankings
249,Aday Mara,C,OKC,,,2026-09-29,https://www.nba.com/news/nba-fantasy-top-250-points-league-rankings
250,Christian Anderson Jr.,PG,CHA,,,2026-09-29,https://www.nba.com/news/nba-fantasy-top-250-points-league-rankings
