team,starters,bench,backup_c,coach,notes,source_date,source_url
ATL,"CJ McCollum, Nickeil Alexander-Walker, Dyson Daniels, Jalen Johnson, Onyeka Okongwu","Luguentz Dort (6th), Aaron Wiggins (7th), Jock Landale (backup C), Kingston Flemings (backup PG), Asa Newell (10th); Corey Kispert and Dorian Finney-Smith on the fringe",Jock Landale,Quin Snyder,"Josh Lloyd expects all five starters to play 30+ minutes. If Jalen Johnson sits, his usage scatters to McCollum, Alexander-Walker and possibly Flemings. If Okongwu sits, Landale starts and plays 30+ minutes. The team has 14 back-to-backs.",2026-09-25,https://www.youtube.com/watch?v=4gw4W4RTolY
HOU,"Fred VanVleet, Amen Thompson, Kevin Durant, Jabari Smith Jr., Alperen Sengun","Marcus Smart (6th), Tari Eason (7th, ~25 min), Steven Adams (backup C), Reed Sheppard (backup PG, ~24-26 min), Bogdan Bogdanovic (10th)","Steven Adams, then Clint Capela when Adams rests",Ime Udoka,"Udoka plays his starters heavy minutes and is defense-first. Added guard depth means Amen Thompson plays less point guard. If VanVleet sits, Smart could start. If Durant or Jabari Smith sits, Eason could reach about 32 minutes. The team has 14 back-to-backs.",2026-10-01,https://www.youtube.com/watch?v=aLP080hxizA
LAL,"Luka Doncic, Austin Reaves, Quentin Grimes, Matisse Thybulle, Walker Kessler","Sandro Mamukelashvili (6th), Collin Sexton (7th), Ziaire Williams, Jake LaRavia, Jarred Vanderbilt",Sandro Mamukelashvili (Kevon Looney is the third option),JJ Redick,"The fifth starter spot is uncertain and may rotate between Thybulle, LaRavia and Williams. If Luka or Reaves sits, Grimes is the main beneficiary. If Kessler sits, Mamukelashvili plays 30+ minutes. The Lakers have the second-most back-to-backs in the league.",2026-10-06,https://www.youtube.com/watch?v=sFelMKWcqyI
MIN,"Anthony Edwards, LaMelo Ball, Jaden McDaniels, Jonathan Kuminga, Rudy Gobert (projected)","Ayo Dosunmu (bench creator, ~29 min), Joan Beringer (backup C, ~16 min), Josh Green (might start)",Joan Beringer,,"Kuminga signed and is expected to start. Naz Reid and Julius Randle are gone. If Gobert sits, Beringer is the backup center to watch.",2026-08-27,https://www.youtube.com/watch?v=sTtFUy7IoJI
CHA,"Coby White (PG), Kon Knueppel, Brandon Miller, Naz Reid (PF) — partial","Dennis Schroder, Grayson Allen",,,LaMelo Ball and Miles Bridges are gone. Josh Lloyd is adamant Schroder will not start over Coby White. Knueppel's usage should rise from about 22% to about 25%.,2026-08-27,https://www.youtube.com/watch?v=sTtFUy7IoJI
PHI,"Tyrese Maxey, Jaylen Brown, LeBron James, Joel Embiid — partial",VJ Edgecombe (usage may fall below 20%),,Nick Nurse,"Jaylen Brown, LeBron James, Maxey and Embiid together cannot all keep last year's usage, so expect pullbacks. Embiid is expected to miss time.",2026-08-27,https://www.youtube.com/watch?v=sTtFUy7IoJI
BOS,"Jayson Tatum, Paul George — partial","Mitchell Robinson (not expected to start), Payton Pritchard, Sam Hauser",Mitchell Robinson,,"Jaylen Brown is gone, and Paul George is the No. 2 option behind Tatum. One episode (8/27) named Derrick White as a Pelican, which conflicts with the 7/13 episode; treat his team as unconfirmed.",2026-07-13,https://www.youtube.com/watch?v=Rqb5GdrSweY
POR,"Damian Lillard, Ja Morant, Jrue Holiday, Deni Avdija — partial",Scoot Henderson,,,"Shaedon Sharpe tore his meniscus and is out for basically the whole season. Holiday moves to the three in a low-usage role, and Morant's usage should fall about five points.",2026-08-27,https://www.youtube.com/watch?v=sTtFUy7IoJI
BKN,"Julius Randle, Michael Porter Jr., Egor Demin — partial","Danny Wolf, Noah Clowney",,,"Brooklyn does not own its pick (it goes to Houston), so Josh Lloyd flags tanking risk and possible late-season rest for veterans.",2026-07-13,https://www.youtube.com/watch?v=Rqb5GdrSweY
TOR,"Kawhi Leonard, Scottie Barnes, RJ Barrett, Immanuel Quickley, Jakob Poeltl — partial",Collin Murray-Boyles,Collin Murray-Boyles,,"Kawhi arrived by trade from the Clippers. Sandro Mamukelashvili is gone, which opens backup center minutes for Murray-Boyles.",2026-08-27,https://www.youtube.com/watch?v=sTtFUy7IoJI
LAC,"Darius Garland, Brandon Ingram (assumed), Brook Lopez (C) — partial","Rui Hachimura, Kris Dunn, Bradley Beal",,,"Kawhi is gone. Josh Lloyd expects the Clippers to be bad, with Ingram possibly near 30% usage. Jordan Miller is out until after the All-Star break.",2026-08-27,https://www.youtube.com/watch?v=sTtFUy7IoJI
MIL,Tyler Herro — partial,"Kevin Porter Jr. (likely bench), Ryan Rollins, Gary Trent Jr., Kasparas Jakucionis",,Doc Rivers (8/27 episode); the 7/13 episode said Taylor Jenkins — unconfirmed,"Giannis is gone to Miami. The roster is crowded with guards, and Milwaukee does not own its pick, so Josh Lloyd flags tanking risk.",2026-08-27,https://www.youtube.com/watch?v=sTtFUy7IoJI
WAS,"Trae Young, Anthony Davis, Alex Sarr — partial",,,,Josh Lloyd expects a much better Wizards team. Sarr's usage and blocks should drop next to Davis. Sarr will likely be ready for opening night.,2026-08-27,https://www.youtube.com/watch?v=sTtFUy7IoJI
UTA,"Jusuf Nurkic (C), Lauri Markkanen, Jaren Jackson Jr. — partial","Jaxson Hayes, Ace Bailey, Filip Petrusev",Jaxson Hayes,,"Kessler left for the Lakers, so Utah re-signed Nurkic and signed Hayes. Utah is trying to win this season.",2026-08-27,https://www.youtube.com/watch?v=sTtFUy7IoJI
ORL,Wendell Carter Jr. (C) — partial,"Nikola Vucevic (backup C, ~20-22 min), Goga Bitadze",Nikola Vucevic,,"Vucevic arrived as a backup, not a starter.",2026-08-27,https://www.youtube.com/watch?v=sTtFUy7IoJI
DAL,Cooper Flagg — partial,"Santi Aldama (low-20s min), PJ Washington, Naji Marshall, Daniel Gafford, Dereck Lively II",Daniel Gafford,,Dereck Lively II won't be ready for the start of the season. Dallas's pick goes to Charlotte with top-2 protection.,2026-09-25,https://www.youtube.com/watch?v=4gw4W4RTolY
NOP,Zion Williamson — partial,"Bennedict Mathurin (bench scorer), Trey Murphy III, Dejounte Murray, Jeremy Sochan, Jordan Poole",,,Mathurin signed for 2 years and $16 million. The team is still built around Zion.,2026-08-27,https://www.youtube.com/watch?v=sTtFUy7IoJI
PHX,"Jalen Green, Miles Bridges, Dillon Brooks — partial","Collin Gillespie, Khaman Maluach",Khaman Maluach,,Bridges gives Phoenix a true forward. Maluach could push for a bigger role at about 24 minutes.,2026-08-27,https://www.youtube.com/watch?v=sTtFUy7IoJI
CHI,"Josh Giddey, Matas Buzelis, Norman Powell, Caleb Wilson — partial",,,,Coby White and Ayo Dosunmu are gone. Buzelis should be the No. 1 or No. 2 usage option.,2026-08-27,https://www.youtube.com/watch?v=sTtFUy7IoJI
MIA,"Giannis Antetokounmpo, Bam Adebayo, Andrew Wiggins, Tim Hardaway Jr. — partial",,,,"Giannis arrived from Milwaukee, and Josh Lloyd expects him to play 32+ minutes.",2026-07-13,https://www.youtube.com/watch?v=Rqb5GdrSweY
DET,"Cade Cunningham, Ausar Thompson, Jalen Duren (assumed back), John Collins — partial",Daniss Jenkins,,,John Collins arrived. There are few creators besides Cade.,2026-07-13,https://www.youtube.com/watch?v=Rqb5GdrSweY
CLE,"Donovan Mitchell, Evan Mobley — partial",,,,"In July, James Harden was assumed to return. LeBron did not sign here; later episodes place him in Philadelphia.",2026-07-13,https://www.youtube.com/watch?v=Rqb5GdrSweY
